省份,指标,202004,202003,202002,202001,201912,201911,201910,201909,201908,201907,201906,201905,201904,201903,201902,201901,201812,201811,201810,201909,201908,201907,201906,201905
北京市,居民消费价格指数(上月=100),0,99.3411115,99.28941217,100.13708415,101.46709073,100.22561429,100.08650409,100.47130205,100.0508003,100.16309426,100.81323687,100.27601666,100.05090537,100.18180489,99.58552947,101.01893783,100.30905555,100.12270473,99.28739534,100.49979453,100.06153908,100.37118147,100.79915076,99.52112249
北京市,食品烟酒类居民消费价格指数(上月=100),0,97.44675945,98.48641306,102.18093305,102.47043898,101.3054656,102.04659394,102.19953845,100.90271509,100.37630655,99.87467453,98.70337135,100.81683955,99.38274353,99.20590193,102.61924909,101.35310103,101.24351878,98.86524792,101.04146446,100.43864723,101.7854059,100.30429113,98.37639752
北京市,衣着类居民消费价格指数(上月=100),0,99.98031689,100.18979397,100.15841725,99.06758994,99.27387395,99.6532942,100.84097445,100.67274341,100.38024268,100.00486287,99.60946416,99.86017602,100.18754337,100.38561998,100.78872203,98.63271674,99.85153381,99.39568889,102.41527877,100.65501681,100.44332441,100.5039281,99.25285927
北京市,居住类居民消费价格指数(上月=100),0,99.814926,100.16771026,99.72225427,99.94618594,99.44271697,99.65059434,99.53693211,99.89719806,100.16598729,100.26146895,100.66543441,99.80277467,100.13308241,100.27048677,100.9098586,99.72830665,99.98147793,99.62894297,99.89128908,99.85104953,100.20496902,100.29124879,100.25310004
北京市,生活用品及服务类居民消费价格指数(上月=100),0,99.9870386,99.99675632,100.82711844,99.75003757,100.36751034,99.72978919,99.98536053,100.00959136,99.87160977,99.76072481,99.95469588,100.09845893,100.27158787,99.42703991,98.56111103,99.98969462,101.07255358,100.07868214,100.05560629,100.27604183,100.08031184,100.45581307,99.8238998
北京市,交通和通信类居民消费价格指数(上月=100),0,100.39929035,95.88358604,95.67111427,103.41727067,100.20469532,99.1884808,99.95559344,99.15953561,99.6077307,100.44501869,99.42887806,99.16463367,101.18644624,100.34355393,99.83640445,100.388726,97.64031491,99.15768518,100.22605984,99.94362737,98.60273853,101.84080364,99.42328866
北京市,教育文化和娱乐类居民消费价格指数(上月=100),0,100.6099797,99.97771831,100.08686639,104.06367569,100.62326935,98.26571646,100.05203797,98.89185633,99.72742436,102.0875177,100.22973213,99.68787066,101.13998238,97.27216501,101.44697797,100.74509426,100.15384016,97.90211754,100.46376747,99.90175408,99.83611727,102.72710118,99.80874269
北京市,医疗保健类居民消费价格指数(上月=100),0,99.89160249,100.24796068,100.1084562,99.61315591,99.75376694,100.3024431,99.77431845,99.97540161,99.93496704,106.27168689,106.77381412,100.4969588,99.74777008,99.89109426,100.03512393,100.05027025,100.02089694,100.71716727,100.11251869,99.4767883,100.27027007,100.50973728,100.19419423
北京市,其他用品和服务类居民消费价格指数(上月=100),0,99.79668526,101.27140119,100.24511954,103.27937354,99.89357269,98.7541194,99.90877369,100.43639475,101.94770706,101.5857342,101.09573832,99.88427922,100.89176866,99.99000363,99.44857805,100.40252955,100.21199405,100.06202538,100.13889904,99.57322221,99.96500829,100.67688705,99.84454165
天津市,居民消费价格指数(上月=100),0,99.37482305,99.33475152,100.46038336,101.27454608,100.23596088,100.29835275,100.32551552,100.67256657,100.53729039,100.47237012,99.98363853,99.6288502,100.24213273,99.64145057,101.19748344,100.77042726,100.15038141,99.63504853,99.85281071,100.26009529,100.47947295,100.39458693,100.03852583
天津市,食品烟酒类居民消费价格指数(上月=100),0,97.76376611,98.13542969,102.19150509,103.66050851,100.60554128,101.74339496,101.29696631,100.87071151,101.31276242,100.70994863,100.23749538,99.69687849,99.48815664,99.04788754,102.6371299,101.63808364,101.2361754,98.82135838,98.75221659,100.0640935,101.77616922,101.00878926,99.39973643
天津市,衣着类居民消费价格指数(上月=100),0,99.93002539,100.04293312,100.0405943,99.67732489,98.59679607,100.19077496,100.25335432,100.81840306,99.92643788,99.87980962,100.11688929,99.86579241,100.19097704,100.71227999,99.89755334,100.31472953,99.73029302,100.03058765,100.90595719,100.32932169,100.08237775,100.06191109,99.78664422
天津市,居住类居民消费价格指数(上月=100),0,100.32356165,99.97525962,100.03099588,99.64752577,100.43898512,100.05414073,99.84152319,100.21585374,100.36146505,100.36302952,99.61801115,99.4714658,100.73409249,100.1409759,100.61311135,100.49049329,100.17737148,100.10390734,99.94623909,100.11733237,100.21504617,100.09072792,100.23831891
天津市,生活用品及服务类居民消费价格指数(上月=100),0,100.00766364,100.30823746,99.96246549,99.75959289,100.1219833,99.85802112,100.25690511,100.19492474,99.99531291,100.05142486,99.69385505,100.1218423,99.49817111,100.5445947,100.23592702,99.61671114,100.14460564,100.32062562,100.1967665,100.19332607,99.94948512,100.24373732,100.09521155
天津市,交通和通信类居民消费价格指数(上月=100),0,99.04051824,98.27933043,97.96340995,101.34986206,100.54213247,99.7295615,99.91044281,99.77052711,99.93232649,99.7863349,99.82428439,99.67479609,100.28276254,100.38053745,100.49372039,99.56475246,98.07625786,99.53117528,100.80087131,100.70464502,99.79720123,100.30982363,100.3356383
天津市,教育文化和娱乐类居民消费价格指数(上月=100),0,99.8681125,100.04074846,100.13909207,101.78605672,99.79455644,98.81757984,99.84725685,102.51340777,100.20474402,101.28584851,99.71853627,99.07986211,101.60622787,97.50533832,102.40451657,101.90078973,100.45062464,99.32645889,99.97629145,100.73181441,99.81612527,100.42324411,100.76333382
天津市,医疗保健类居民消费价格指数(上月=100),0,99.95636536,100.12334017,100.26315996,99.85526295,100.19897254,100.47062823,99.9974789,99.97217068,100.16944234,100.31146051,100.11114624,99.94234787,99.83074523,100.16843636,99.97783394,99.85750688,99.99443921,100.18294923,100.08838024,100.25315379,100.0998316,100.07581814,100.09121088
天津市,其他用品和服务类居民消费价格指数(上月=100),0,101.38414399,100.73326006,100.58114902,101.52479328,100.1657111,98.17004586,100.37550404,101.52504541,101.93846388,101.38441867,101.88348766,99.87702228,100.10241515,100.1126693,100.44235323,101.74435754,99.32422234,100.29141803,100.47320102,99.79637413,99.80200055,100.06664702,100.37414896
河北省,居民消费价格指数(上月=100),0,98.78745379,98.88672155,100.52728425,101.2685932,100.28485835,100.65767825,101.15714043,100.99985306,100.20439818,100.16461414,99.70910549,99.94020802,99.91835829,99.75295594,100.93510612,100.61657458,100.18111339,99.94456876,100.04193027,100.91619796,100.77940753,100.40972683,99.794538
河北省,食品烟酒类居民消费价格指数(上月=100),0,97.00751617,97.82104539,102.23052573,103.06821926,100.75991529,101.94873449,103.47772001,102.56604146,100.5238649,99.99936734,99.51419548,99.70931999,99.44504493,99.43491968,102.58457076,101.36711378,101.16889603,99.26096948,99.24045932,101.74216241,102.08837813,100.75610857,99.18950307
河北省,衣着类居民消费价格指数(上月=100),0,99.22599506,98.95432265,100.4050134,99.30263,99.43783653,100.96944946,100.40438845,100.50213034,99.98648968,99.53110091,99.77534096,100.6694136,99.75684853,100.57684772,100.36445969,99.54426414,100.0126383,100.32485009,100.29021933,100.60084795,100.46668893,99.27375885,99.33906
河北省,居住类居民消费价格指数(上月=100),0,99.86683574,99.48973538,99.5766198,99.7981731,100.25644602,100.23362802,100.03945381,100.17662307,100.31478266,100.05244618,99.3717266,99.99688954,100.09428765,99.92725195,100.07085709,99.9667961,100.10777672,100.5049539,100.78259892,100.36218981,100.40643512,100.02827547,100.20554594
河北省,生活用品及服务类居民消费价格指数(上月=100),0,99.58969093,99.73900835,100.14468278,100.27674469,99.97729348,100.10891944,100.07111533,99.94668755,100.02880266,100.05894131,99.90350486,100.36265169,99.94972752,99.78208454,100.31459156,100.06143557,100.2907653,100.12031287,100.10215819,100.11184516,100.15098444,100.1192366,100.05762002
河北省,交通和通信类居民消费价格指数(上月=100),0,98.45781537,97.76165817,98.45829124,100.99906021,100.45539668,100.01415905,100.55380233,99.95664522,99.66088859,99.52528605,99.92886723,99.95433355,99.8014239,100.00386973,100.70987636,99.46399495,98.0913481,98.97066222,100.53918391,100.59059595,99.71211683,100.00217507,100.2776218
河北省,教育文化和娱乐类居民消费价格指数(上月=100),0,100.04267484,99.99176137,99.98391628,101.27796268,99.97289277,99.40729511,99.99657442,101.36618274,99.65409812,101.92680399,99.95011125,99.27002946,100.49859495,99.0457332,99.92886031,101.83783285,100.09649958,100.38208123,99.21447972,101.48821915,99.8948301,102.09092009,99.8652509
河北省,医疗保健类居民消费价格指数(上月=100),0,100.0272214,100.11384884,100.35584535,100.76420535,100.00395662,100.07745603,100.05669667,100.09674203,100.2658734,100.16136055,100.12795033,100.32889128,100.43203196,100.10548096,100.51217614,100.54854622,100.01411241,100.72327348,100.60890723,100.5874362,100.9360294,100.12123871,100.15118404
河北省,其他用品和服务类居民消费价格指数(上月=100),0,99.97693454,100.26225199,99.97384363,102.66513454,99.98744243,99.54975542,100.39971819,100.54057881,101.08179361,100.48073078,100.27910113,100.00411689,100.27178211,99.80545152,99.83994303,102.18038633,100.34706832,100.61046231,101.030876,99.63215478,99.97798449,100.12772389,100.06328613
山西省,居民消费价格指数(上月=100),0,98.97247726,99.16857016,100.46408638,101.95505843,99.90168013,100.42492632,100.99052464,101.45420279,100.23774398,100.24805671,99.52612735,99.93318602,99.89962754,100.03702663,100.80138459,100.29557348,99.85687677,99.86764221,100.0418206,101.66670712,100.80554865,100.00396233,99.68103366
山西省,食品烟酒类居民消费价格指数(上月=100),0,97.46402934,97.92469829,101.90065003,103.58103402,100.27342372,101.40025116,103.22949632,102.3057543,100.36951949,100.78862809,99.12370198,100.00586945,99.7213817,99.63494982,102.40906006,101.40046688,100.95072881,99.06142759,99.79499746,102.33511604,101.69678213,99.90536421,98.98252725
山西省,衣着类居民消费价格指数(上月=100),0,99.36810215,101.50825522,99.62851877,97.17804269,98.35264826,102.04835474,99.62703133,107.0872295,99.36025107,98.19761344,98.54322978,99.14445719,98.65149146,102.86907637,98.37967019,98.32713039,98.23212231,102.10542338,100.33216444,106.90052747,99.25298613,98.56361254,98.9482056
山西省,居住类居民消费价格指数(上月=100),0,99.91430835,99.94540708,100.00610852,99.98274561,99.84038746,99.91802834,100.07294425,100.36260171,100.62121183,99.98964166,99.97296242,99.97134329,99.987344,100.11362355,100.07989577,99.77134529,100.1489,100.06301643,99.99861523,100.31848445,101.39406054,100.18550714,100.15398513
山西省,生活用品及服务类居民消费价格指数(上月=100),0,99.71281933,99.904729,100.11290371,99.89859834,100.04066613,99.94941802,99.98380706,100.02690754,99.97524594,100.15305015,100.16685279,100.00475499,99.97870364,100.0553231,99.90417662,100.21604628,100.14677295,99.98566078,99.86378321,100.10518335,99.87128584,100.05809432,100.0561306
山西省,交通和通信类居民消费价格指数(上月=100),0,98.94437622,97.19056881,99.00244528,101.03565938,99.97146622,99.68712625,100.533145,99.57700222,99.79982334,100.15475577,99.00983308,100.28256496,100.35784857,100.14003505,101.0021163,99.71478799,97.28546951,99.31239117,100.83008008,100.23125209,100.18137934,100.68982748,100.1449198
山西省,教育文化和娱乐类居民消费价格指数(上月=100),0,99.68312266,99.94476799,99.99105266,101.56357216,100.02613618,98.86882187,99.80542981,100.82248423,100.43217732,101.14464316,100.07947262,99.81755354,100.36850231,98.48749867,101.07923881,100.67757182,100.03423127,99.91599277,99.77096162,102.31085174,100.0683925,100.26083603,100.08350527
山西省,医疗保健类居民消费价格指数(上月=100),0,99.99195132,100.11769158,100.02289001,108.50285996,99.97577572,100.110916,100.0234666,100.19584348,100.04908689,100.00729577,100.0897643,100.0087543,100.21586382,100.30931129,100.04952989,100.12842831,100.05567156,100.21626051,100.11611557,100.22812092,100.6391852,100.04645714,100.09951706
山西省,其他用品和服务类居民消费价格指数(上月=100),0,100.08331181,100.3509531,99.89884376,100.62670272,99.98437238,99.57614281,100.28731824,100.75061169,100.75424463,100.67693668,100.15810548,100.07686326,100.18926333,99.8280928,99.71182092,100.84991804,100.49624727,100.0270987,99.94074685,100.3679535,100.23896271,100.07062724,99.84562869
内蒙古自治区,居民消费价格指数(上月=100),0,98.99060405,99.24282079,100.44148826,101.172834,100.42024438,100.48876053,100.77866552,100.49766639,100.25607781,100.26715858,99.86653802,99.83519607,99.90533265,99.79422324,100.90678912,100.52747541,100.12625024,99.90313057,100.22406309,100.58976838,100.66431821,99.9336544,99.93480878
内蒙古自治区,食品烟酒类居民消费价格指数(上月=100),0,97.21036795,98.40252429,101.69672492,103.04203049,100.45572773,101.88828975,102.5389804,101.60327572,100.61735804,100.45624388,99.50697085,99.28508806,99.4396216,99.55706341,102.21202675,101.35669188,101.00820067,100.01464864,100.24519777,101.52706618,101.32768094,99.387841,99.32329128
内蒙古自治区,衣着类居民消费价格指数(上月=100),0,99.76114126,99.77595469,99.9528801,100.21372326,100.14264464,100.14685263,100.2043582,100.24494649,99.97693878,99.84919163,100.01704107,100.06263581,100.29309661,100.14362863,100.27052777,100.23372194,100.22712371,100.25799343,100.30960302,100.16271801,99.95708993,99.97353416,100.12322288
内蒙古自治区,居住类居民消费价格指数(上月=100),0,99.7207722,99.85584282,100.02404002,100,100.01010823,100.01153532,100.00472613,100.26823019,100.11207471,100.04135726,100.08421119,99.91583182,100.05610131,100.00269793,99.99524006,100.1018235,100.01966499,100.28871425,100.26867267,100.643063,100.89431106,99.9946795,99.98087433
内蒙古自治区,生活用品及服务类居民消费价格指数(上月=100),0,99.93478662,99.98406769,100.00307564,100.02468622,99.88251139,99.97261612,100.02691432,100.10937388,99.93094927,100.15276082,100.05090382,100.04117415,100.08306551,100.18891154,99.96124456,100.11915193,100.01156229,100.00462329,100.05982752,100.16752592,100.06879684,100.05705407,100.20503661
内蒙古自治区,交通和通信类居民消费价格指数(上月=100),0,98.54899745,97.97989944,99.04647459,101.0867287,100.23547045,99.44769969,100.00097955,99.07484482,100.06691029,99.91612713,99.71711654,100.29665305,100.11408021,99.88969833,101.4362968,99.54311405,98.21767078,98.58331485,100.46202142,99.96696043,100.39229517,100.40027816,100.52060663
内蒙古自治区,教育文化和娱乐类居民消费价格指数(上月=100),0,99.95693485,99.98371865,99.99963793,100.65040312,100.31559617,99.61302122,99.95584529,100.05528414,99.80719429,100.82428188,100.00372049,99.93007406,100.06543872,99.27928591,100.59695153,100.76539176,100.01134207,99.71142387,99.86355955,99.95695866,100.30630156,100.39910636,100.26773022
内蒙古自治区,医疗保健类居民消费价格指数(上月=100),0,101.01881633,100.01196781,100.00869449,100.02898416,101.96037485,100.08986804,99.96759411,100.3587897,100.42190552,100.12860769,100.15941586,100.11322984,100.07378641,100.10901332,100.0145891,100.09631166,100.02087189,100.12295483,100.34493854,100.13989342,100.16736427,100.0042108,100.10919838
内蒙古自治区,其他用品和服务类居民消费价格指数(上月=100),0,100.15732513,100.56332439,100.09048098,100.28625893,100.06322155,99.67267939,99.97727173,99.86610231,100.93664726,100.87265738,100.24803418,100.75412677,100.14883232,99.75574309,99.80240784,100.90445153,100.08389783,100.09008108,99.8754761,99.75304861,100.28222744,100.55993273,100.3566287
辽宁省,居民消费价格指数(上月=100),0,98.73214691,98.90718334,100.54048565,101.75202597,100.31876317,100.60516256,100.85450149,100.26006963,100.6854959,100.14233402,100.08163903,99.94578873,99.90239948,99.74417477,101.04736216,100.39454026,100.34005477,100.06515719,99.84538527,99.95251732,100.93706224,100.14128129,99.89552721
辽宁省,食品烟酒类居民消费价格指数(上月=100),0,96.77278365,97.4153505,101.89042194,103.87443182,100.84940618,102.25560595,102.72247389,100.98050685,101.87934903,100.0511582,100.43254147,100.16469381,99.47290988,99.40966756,102.70247803,100.96642898,101.49525714,100.35086887,98.96917999,99.68035104,102.57606669,99.70254589,99.36332042
辽宁省,衣着类居民消费价格指数(上月=100),0,99.72955891,99.46833413,99.55955038,99.73880813,100.38085371,100.36000156,100.0801974,100.57245136,100.06419442,99.58654438,99.9717371,99.91284684,99.85937366,100.83892428,99.82351888,99.69221795,100.35612158,100.8486227,101.05011587,100.22353194,99.83364102,99.84592254,99.97354051
辽宁省,居住类居民消费价格指数(上月=100),0,99.73482044,100.04250672,100.02439274,99.98983934,99.92853497,100.02316732,100.03797347,99.96763478,100.11803842,100.23833217,100.31902853,99.93529648,99.99746687,99.98124966,100.02741669,99.97092442,99.84300521,99.93180265,100.21180408,100.28341123,100.25230684,100.09345743,100.00437202
辽宁省,生活用品及服务类居民消费价格指数(上月=100),0,99.79782757,99.61225975,99.89161906,100.00425982,100.22570439,100.00801473,100.14563093,99.88352987,100.03999823,100.43142239,99.33472018,99.99151009,100.01640167,99.99337923,100.29231835,100.31196631,100.09005818,100.10064084,100.0276958,100.09400774,100.09390954,99.96517296,100.08194749
辽宁省,交通和通信类居民消费价格指数(上月=100),0,98.7450191,98.15880459,99.24978596,100.75420151,100.04747546,99.25474451,100.24489671,99.63435927,100.12399043,99.51322169,99.43815665,99.51520182,100.22344128,99.57167652,101.11951353,99.65289211,98.48450856,99.01718512,100.54065251,100.02920887,100.37343686,100.51461514,100.21481502
辽宁省,教育文化和娱乐类居民消费价格指数(上月=100),0,100.03961011,99.87682201,100.00927607,101.58336635,100.0664603,99.64400006,99.69589861,99.59364776,100.22774324,100.85408156,99.91192206,99.71296525,100.08415798,99.04064673,100.92239096,101.11048772,100.3878756,100.00266141,99.43842179,99.65573527,100.46802241,101.16720887,100.34206577
辽宁省,医疗保健类居民消费价格指数(上月=100),0,99.99715492,100.1224258,100.45513239,102.56737742,100.01613019,100.07109894,100.06432395,100.01524046,100.05183917,100.08256182,99.93995177,100.06432763,100.25935281,100.05483132,100.02693164,100.11823791,100.23335104,100.0591882,100.15676812,100.14674807,100.57245223,100.03180926,100.1042217
辽宁省,其他用品和服务类居民消费价格指数(上月=100),0,99.74056372,100.5455005,99.92080897,100.87193411,100.03230692,99.21126916,99.9456416,100.24631036,101.45784126,101.45240126,100.32395867,99.97151656,100.44244909,100.16827996,100.05482295,100.79954782,100.01008648,99.97456961,99.87735289,99.60702314,99.78391234,100.88965788,100.12225157
吉林省,居民消费价格指数(上月=100),0,99.07222814,98.97614361,100.26393014,101.75135386,100.15006685,100.66866841,101.09120164,100.5593958,100.50543938,99.97250497,100.22279455,99.95244212,99.98239036,99.6223553,101.11163535,100.46969949,100.19752706,100.19163228,100.05684404,100.50415707,100.9855955,99.98489135,99.84007939
吉林省,食品烟酒类居民消费价格指数(上月=100),0,97.79112508,97.83915192,101.16948304,103.99540151,100.33099446,102.21474015,103.6970648,101.72210193,101.0889132,99.54555084,100.69164957,100.17658986,99.804201,99.52479411,103.04683191,101.24079145,101.15780251,100.87018567,99.48446398,100.57636805,102.32589803,99.56233776,98.73932011
吉林省,衣着类居民消费价格指数(上月=100),0,99.74078876,99.66745623,99.87916077,99.39021923,99.6314481,100.78305752,99.82598422,100.58018434,99.94777158,99.91417834,100.13269085,99.66023511,100.51556211,99.80718049,99.78070665,99.85675068,99.90337355,101.39339009,100.04046988,100.81531661,100.12556598,99.84176336,100.85927627
吉林省,居住类居民消费价格指数(上月=100),0,99.92853752,99.8714469,99.94490973,99.98798552,99.99463535,99.98171303,99.98320054,100.15763596,100.20805828,100.17178744,99.94899325,99.98559243,99.89320269,100.00172872,99.98495861,100.13314061,100.13860234,100.1362437,100.43105247,100.93245739,101.27483004,99.99279708,100.17285733
吉林省,生活用品及服务类居民消费价格指数(上月=100),0,99.67285792,100.089249,100.15719732,100.19836113,99.95312547,99.91399882,100.44025818,99.96911263,100.04463526,100.21467327,100.05482682,100.09065995,100.02908178,100.15832895,100.206247,99.96663554,99.90761887,100.09138665,100.18473032,100.01967769,100.07728581,100.60522138,100.10249703
吉林省,交通和通信类居民消费价格指数(上月=100),0,98.65409907,97.12763524,99.04583396,101.84883345,100.30084792,100.01475836,99.60367462,99.20393818,100.3891439,99.21971274,99.66669585,99.60237527,99.82338199,99.25405034,101.41139942,99.4187892,98.56526667,98.07462094,100.29611615,100.3552048,100.12801049,99.47607579,100.23072165
吉林省,教育文化和娱乐类居民消费价格指数(上月=100),0,99.93474842,100.02045079,100.01935199,101.61947981,100.21014417,99.24377019,100.08791395,100.28078815,100.29559739,100.91490208,100.09969257,99.65433381,100.24610212,98.6731125,100.5373369,101.06815208,100.01675101,99.84790224,100.39077597,100.26203134,100.23173618,101.10750294,100.24562806
吉林省,医疗保健类居民消费价格指数(上月=100),0,100.04324277,100.08151173,99.99945622,101.11043126,100.19287747,100.24099522,100.16640531,99.90499974,100.09051278,100.17414941,100.13120304,100.07541895,100.00312898,100.10554348,100.14362389,100.08750783,100.10239082,100.26383312,100.21370658,100.04560143,100.2460779,100.24687981,100.18832991
吉林省,其他用品和服务类居民消费价格指数(上月=100),0,99.15779685,100.6315974,99.99109853,101.46440722,100.23602153,99.15541247,99.52438736,100.95546302,102.0011488,101.22496949,100.8215827,100.204459,100.10300643,99.92590709,100.02549051,101.17313704,100.14407928,99.83411294,100.11016877,100.10944399,99.85105439,100.03921669,100.17910264
黑龙江省,居民消费价格指数(上月=100),0,98.8304283,99.13023871,100.78064664,101.61443938,99.99062433,100.66974947,101.11983312,100.65034822,100.50091559,100.32420886,100.04751852,99.66505103,99.87963192,99.62540708,101.13813442,100.51561236,100.18270742,100.23372336,100.20613366,100.59903991,100.63776148,100.04117043,99.75638259
黑龙江省,食品烟酒类居民消费价格指数(上月=100),0,96.64372266,98.1413922,102.39975246,104.16416301,100.0101577,102.54577385,103.81340579,101.61226191,100.9384873,100.4200833,100.33660906,99.70568047,99.86920888,99.65745109,103.39080898,100.99065211,101.04800494,100.85496032,99.95497695,100.42733426,101.50355097,99.22502449,99.20191719
黑龙江省,衣着类居民消费价格指数(上月=100),0,100.48071635,99.16284676,99.71002925,99.38261018,100.19422105,100.94925195,99.72300857,100.55122556,101.17580956,99.48952584,99.03025535,99.09076743,99.29228978,100.49727521,100.03527588,99.8533361,100.07352431,100.65586769,101.09531871,101.08418138,100.54047712,99.60380968,99.47983928
黑龙江省,居住类居民消费价格指数(上月=100),0,100.04918291,99.91633819,100.00266096,100.02691977,99.191563,99.78842685,100.14966279,100.19850577,100.01624711,100.08804662,100.000267,99.22602436,99.48208678,99.87310419,99.96747301,99.98243125,100.17629116,99.97216859,99.88648234,100.75097881,100.17389425,99.91763066,99.98106815
黑龙江省,生活用品及服务类居民消费价格指数(上月=100),0,99.87652065,99.79263736,99.88873936,99.75313764,100.01540674,99.97221357,100.24296152,100.03211406,100.02454843,100.22416871,99.96329444,99.9639452,100.24674489,99.47933713,100.05141965,99.9298502,100.07469637,99.97659694,100.10878208,100.37184034,100.06982232,99.8876235,100.00887622
黑龙江省,交通和通信类居民消费价格指数(上月=100),0,98.13214122,98.45827603,100.25867802,101.15387921,100.46606527,98.80526176,99.43792394,99.04170283,100.27620742,100.60583501,99.76984912,100.0379126,100.12194426,98.72952968,100.49557042,100.59371637,98.80724604,99.36468824,100.46320668,99.83003922,100.40072386,101.46559208,100.09805685
黑龙江省,教育文化和娱乐类居民消费价格指数(上月=100),0,99.97621197,100.00548139,100.01312323,101.0943075,100.41887264,99.71527001,99.96562336,101.26996807,100.08466765,101.0220607,100.12257963,99.85484183,100.15285508,98.91511963,100.50614039,100.8893363,99.82411631,99.81549791,100.49219791,101.98162767,100.24812409,101.12356367,100.21783627
黑龙江省,医疗保健类居民消费价格指数(上月=100),0,100.95751063,100.05095211,99.99538569,100.52218435,100.03542406,100.07259656,100.18241965,100.01933707,100.03405631,100.13271086,100.42701002,100.0120049,100.26579202,100.1052025,100.14971785,100.41326106,100.02686545,100.13078547,100.13555173,100.0931933,100.38456201,100.14408542,100.0803937
黑龙江省,其他用品和服务类居民消费价格指数(上月=100),0,99.81986238,100.24284874,99.88082372,101.24238876,100.43914881,99.63858159,99.70389061,101.11982166,102.23197969,100.34269775,100.07660858,99.85523462,100.32730929,99.94046501,100.37013658,100.92451997,99.84252894,100.64813219,100.20701188,99.58513678,100.03618125,99.98178724,99.74748971
上海市,居民消费价格指数(上月=100),0,99.85257014,99.22972723,100.27074431,101.05905533,100.30654623,100.22773475,100.63955075,100.35031073,100.29813292,100.32329973,99.94121124,99.95695693,100.17383802,99.45230179,101.55149,100.50830276,99.73843146,99.66345264,100.19804819,100.50599051,100.76613607,100.20455531,99.85245119
上海市,食品烟酒类居民消费价格指数(上月=100),0,99.58325944,98.09971674,101.53443125,102.19354472,101.24244173,101.26060925,101.58795803,101.83925486,101.14662324,99.22717788,99.45745792,99.85364914,99.95361386,99.76079686,102.93315394,101.26976267,100.48748538,99.72637786,99.66455491,101.46641525,100.93663041,99.21092146,99.03961241
上海市,衣着类居民消费价格指数(上月=100),0,100.71858932,100.54727281,100.11519482,99.03260406,98.7903651,100.26877302,100.52611142,101.62876643,100.61948128,99.33331352,99.86173236,99.7890354,100.73133158,100.92038733,101.61925187,99.97398662,98.6353432,100.09906439,100.9180718,100.82930693,100.81439163,99.88540372,98.8908794
上海市,居住类居民消费价格指数(上月=100),0,100.30314639,100.02959157,99.94704295,99.67652516,100.17409463,100.05465929,100.1537,99.91844882,100.22106237,100.24000404,100.15717987,100.00727563,100.43717954,100.55036904,100.01465874,100.00166896,99.82091192,100.22343812,100.26746801,100.26675916,100.41512103,100.16801397,99.95771774
上海市,生活用品及服务类居民消费价格指数(上月=100),0,99.43679454,99.64191721,100.3086219,100.1824557,100.42971926,99.98198459,100.00096387,99.96850528,99.89961887,100.09509385,99.65006431,100.01455055,100.87309602,98.39665396,100.43797669,100.23801852,100.39856258,99.9529439,100.1203263,100.13064812,100.41937761,100.55317059,100.05653672
上海市,交通和通信类居民消费价格指数(上月=100),0,98.7865617,97.18158285,97.31314792,102.39452153,100.17173849,99.71699865,101.43563976,99.76520246,99.20611873,99.91071872,99.1834964,99.94545157,99.12427699,99.26114962,101.40298941,99.98536998,97.96223841,98.91534609,100.80029822,100.03755369,99.71460622,100.77025995,100.54665702
上海市,教育文化和娱乐类居民消费价格指数(上月=100),0,99.94294138,100.03074276,100.36730721,103.37243448,100.25151131,98.47053884,99.590132,97.86971915,99.10406488,104.38416053,100.84944106,99.05244206,100.80086198,94.92301244,103.86312299,101.60211966,100.00984455,97.48971572,100.26645206,100.09037358,100.73916293,102.17127248,101.48193109
上海市,医疗保健类居民消费价格指数(上月=100),0,99.6555563,100.17235592,100.20906784,100.0803832,99.91982408,100.86540219,100.1997727,99.8667857,99.86951113,100.60488552,100.61190729,101.210671,99.43292475,99.88579186,100.39004074,99.55986683,99.82847248,100.29603697,100.15910493,100.09505211,103.31920435,100.10551063,100.07671752
上海市,其他用品和服务类居民消费价格指数(上月=100),0,100.0209266,99.53695935,100.65655939,101.02517128,98.8746942,99.0445368,100.40604555,100.17413315,101.73337581,100.64084215,100.49189554,100.56277237,100.04700548,100.07072047,101.13146308,100.82231542,99.08477382,100.43421655,100.27573125,98.82527069,100.42622968,100.8314429,99.87265904
江苏省,居民消费价格指数(上月=100),0,99.36158501,98.86406967,100.70132639,101.2063144,99.89061845,100.25052429,100.69366837,101.01729278,100.7854109,100.49466978,99.98799122,100.16791595,100.09105486,99.83536018,100.84263776,100.57745711,99.924399,99.57618289,100.01329595,100.49955716,100.82458032,100.50688166,100.09864348
江苏省,食品烟酒类居民消费价格指数(上月=100),0,98.69272952,97.34959766,103.18673778,102.6715844,99.50293801,101.33975478,102.24499367,102.80805311,102.83498579,100.87919588,99.82325105,99.92235886,99.88477002,99.99126806,102.02277312,101.27578096,100.58438248,98.67725603,99.36724525,101.37300511,102.1577099,100.82198054,99.75637975
江苏省,衣着类居民消费价格指数(上月=100),0,99.70671642,99.75236304,99.58047663,99.57244856,99.89060071,100.76716165,100.62675702,100.79680687,99.53503637,99.72793074,100.26959697,100.51881613,100.06443379,100.40668212,99.76260626,99.89015783,100.35129081,101.02821706,100.57877046,100.53433161,100.15045154,99.31752634,99.84392466
江苏省,居住类居民消费价格指数(上月=100),0,99.7299206,100.0243329,99.80212561,100.06932622,100.12637081,99.71607575,99.93736866,100.10158792,100.17443482,100.18196744,100.2598757,100.2829534,100.21660644,100.00362759,100.07688979,100.20657435,99.86652856,100.12259212,100.12518449,100.1049355,100.59715531,100.38751252,100.28904995
江苏省,生活用品及服务类居民消费价格指数(上月=100),0,100.08665498,99.27709817,99.91283466,100.7388642,100.11816512,100.14375884,100.24243104,100.02868115,100.01407827,100.20475891,100.00137276,100.04730892,100.11187946,99.92326258,99.81060925,100.58318797,100.45582282,100.27985757,100.18469088,100.11983863,100.31490866,100.22496211,100.65053929
江苏省,交通和通信类居民消费价格指数(上月=100),0,98.72223394,97.71052706,98.52025211,101.30083587,100.20027017,99.87789344,100.06181116,99.72745902,99.74422991,100.06142246,99.52385971,100.46265503,99.89888391,100.01329553,101.1188951,99.45619223,98.23172614,98.96102974,100.81445059,100.10013463,99.97581325,100.25288854,100.43055387
江苏省,教育文化和娱乐类居民消费价格指数(上月=100),0,99.96789743,100.06350897,100.00926368,101.42490599,99.96550949,99.03979907,99.7896531,100.82178089,99.80335151,101.32707776,100.07560587,100.11799857,100.50249328,98.50897062,101.23249576,101.15335512,99.73300569,99.59407108,99.96569901,100.2414078,100.32832267,101.39678642,100.0973222
江苏省,医疗保健类居民消费价格指数(上月=100),0,100.02084096,100.0913851,100.03421369,99.87802317,99.99744583,99.98095752,100.01902514,100.03684979,100.05260112,100.08330478,99.94126631,100.11190326,99.9169278,100.09381431,100.00957253,100.26275468,99.97797488,100.06917608,100.02759162,100.07720832,100.38734579,100.26244346,100.12999775
江苏省,其他用品和服务类居民消费价格指数(上月=100),0,99.77031728,100.35472851,99.53304494,101.73257914,99.85423421,99.27182653,100.02092792,101.58678682,101.0955224,101.17398232,100.55194667,100.07728697,100.7367715,99.649856,99.67211182,101.85949651,100.13025628,100.14726852,100.11361583,99.86110763,100.04607265,100.2561849,99.88083087
浙江省,居民消费价格指数(上月=100),0,99.24891981,98.66298762,100.99044864,101.4489825,99.92646968,100.11235945,100.51573628,100.73964343,100.70808453,100.49830795,99.62391574,100.06409655,100.14395695,99.51991428,101.36840149,100.60433368,99.99589819,99.28681182,100.29782288,100.92254162,100.5439009,100.32981045,100.0778834
浙江省,食品烟酒类居民消费价格指数(上月=100),0,98.29605548,96.71654027,104.30368875,103.55327251,99.53362484,100.94393134,101.62606263,102.09166061,101.9547617,100.89180001,99.36409653,99.99300271,99.99602573,99.05978224,102.762541,101.33281259,100.75061456,98.38653235,100.38470261,101.96266048,101.23522011,100.14220572,99.72280548
浙江省,衣着类居民消费价格指数(上月=100),0,100.45449462,99.78325429,99.43734486,99.10695793,100.18061349,99.97566941,100.20017122,100.7981898,100.11001404,99.95884676,99.1304501,100.03251141,100.07392291,101.27792619,100.27108267,99.56375894,100.19515713,99.31310674,101.12606988,100.65076918,100.32277834,99.89483881,99.74252749
浙江省,居住类居民消费价格指数(上月=100),0,99.98040665,99.75572957,99.88671524,100.11596185,100.10092855,100.04897235,99.99265138,100.06812315,100.02923624,100.02003711,99.81319028,99.92905635,100.00520551,100.14712457,100.13897666,99.97144229,100.04735439,99.86342757,99.88824037,100.35618208,100.51032403,100.05255784,100.20239717
浙江省,生活用品及服务类居民消费价格指数(上月=100),0,100.19273965,100.14085385,99.37651849,100.95861551,100.0535021,100.09828161,100.0715888,100.20164135,100.12665419,100.18685357,99.99897321,99.95471831,100.05610314,99.14413724,100.7438869,100.88990504,100.13836741,100.19299702,100.1728139,100.33182615,100.18360884,99.64613938,100.31949073
浙江省,交通和通信类居民消费价格指数(上月=100),0,98.79360571,97.7105208,98.32652961,101.58352145,100.18931613,99.61597177,99.61611455,99.45062586,99.75681546,100.14361416,99.0945993,100.32841549,100.33333859,99.67369697,101.29497392,100.06223297,98.01233189,99.13104587,100.14149635,100.67672545,100.20041404,100.3209287,100.20854406
浙江省,教育文化和娱乐类居民消费价格指数(上月=100),0,98.87026937,99.99115271,99.98327652,101.3492667,99.91075794,98.82970329,100.44520598,100.47571658,100.19202356,101.35985648,99.99586513,100.31927521,100.64930765,98.18107437,102.14669272,100.86965975,99.82969138,99.20343318,100.5732076,100.85865255,99.96648575,101.91868704,100.07768615
浙江省,医疗保健类居民消费价格指数(上月=100),0,100.12752455,100.20566128,99.95153478,99.34768705,100.09134129,100.42265186,100.19745343,100.32802743,101.43284185,100.12571508,99.99959488,100.12170167,100.16564032,100.20037742,100.74890453,100.59202975,100.4004203,100.4710291,100.27801141,100.37559369,100.39019523,100.25713269,100.96521278
浙江省,其他用品和服务类居民消费价格指数(上月=100),0,100.37913644,100.80568603,99.41707546,101.97551853,100.29944191,99.27249026,99.90442233,101.02489776,100.85864581,101.15076291,101.03451032,99.74765363,100.04534548,98.77894788,100.12206717,101.99260619,100.13573244,99.87683183,100.45637479,100.00942004,99.84031193,100.32640978,100.13759486
安徽省,居民消费价格指数(上月=100),0,99.01400817,98.52466982,100.83418147,101.68627973,99.850401,100.0681543,101.0825977,101.04421578,101.19517221,100.20441906,99.30594646,100.11261423,100.0416162,99.52568487,101.46102486,100.4105349,99.92583687,99.33128047,100.25229508,100.76742902,100.84074231,100.40053612,99.75024074
安徽省,食品烟酒类居民消费价格指数(上月=100),0,97.59346975,96.19893096,103.31664405,104.2894528,99.38416164,100.70195258,102.46308294,102.80624096,104.07184033,100.28762168,98.21496947,100.49956163,99.81935573,99.29532151,103.41669106,101.3105848,100.5450566,98.39356646,99.07439751,102.29558188,102.74269285,100.59703553,98.76971516
安徽省,衣着类居民消费价格指数(上月=100),0,101.04009771,101.00126401,99.3039462,98.38567052,99.37787207,99.89627443,102.71658132,101.28712489,98.32012051,98.53287866,99.81425978,100.6781251,100.32375426,102.59539159,98.8676935,98.43325901,99.74891777,100.31950196,103.61968397,100.95931249,98.56906289,98.31502983,100.13351942
安徽省,居住类居民消费价格指数(上月=100),0,99.6466705,99.83805106,99.75089786,100.20029313,100.08176895,99.98297584,100.00551226,100.15899303,100.13015879,100.00079701,100.05062306,100.03839327,99.97897409,99.75948566,100.16765335,100.0044754,99.89961275,100.08434634,100.20977199,100.31813117,100.23291165,100.25845351,100.08978257
安徽省,生活用品及服务类居民消费价格指数(上月=100),0,99.93441379,99.63454358,99.91074914,100.10190184,99.9653456,100.01083664,99.82746647,100.06939533,100.0690475,100.14275936,100.01116331,100.06069398,100.2838411,99.52785589,100.41718088,100.05052997,100.1725204,100.11520366,100.26416184,100.06683522,100.15382137,100.23231787,100.16298352
安徽省,交通和通信类居民消费价格指数(上月=100),0,98.92053982,98.03598924,98.48245092,101.59709093,99.89655946,100.03821599,100.0958826,99.88437599,99.91822894,100.677806,98.37376562,99.38986818,99.86017575,99.24222958,101.45633248,99.86678334,98.1408585,98.85336847,100.91139547,99.84889612,100.28785137,99.85583218,100.28931376
安徽省,教育文化和娱乐类居民消费价格指数(上月=100),0,99.32792162,99.9292999,100.00866179,101.206312,100.2941689,98.84023227,100.59718721,99.94738489,100.12711401,101.1304214,100.22132038,99.62043247,100.34561771,97.98798257,102.11594635,100.89200629,100.04650189,99.17642417,100.67610856,99.57529241,100.26564642,101.36050709,100.24099885
安徽省,医疗保健类居民消费价格指数(上月=100),0,100.06700218,100.11111585,100.06211346,100.02439728,100.79957886,100.04620666,100.09178458,100.02123288,100.07577847,99.76854395,100.03693,100.17752427,100.23184901,99.84347094,100.10177224,99.92620167,100.02065741,100.02593325,100.18076495,100.05394671,100.12520266,101.63121947,100.1734888
安徽省,其他用品和服务类居民消费价格指数(上月=100),0,100.28746441,100.76482706,99.38207989,101.27014754,99.91352868,99.3153555,100.15503223,101.31099837,100.77867612,100.91824005,100.65134588,99.79950878,100.50891923,99.19326603,100.30828032,101.5069197,100.02452399,100.11122926,100.16036656,99.81893153,99.92974009,100.00450433,100.08352567
福建省,居民消费价格指数(上月=100),0,99.42442106,98.86473908,100.7285516,101.06148136,99.9257348,100.30199586,100.67336014,100.69821215,100.45960423,100.43735458,100.25473051,100.28705687,100.12362665,99.71063946,100.85733894,100.63401552,99.84652093,99.38100353,100.07663329,100.78959807,100.27569001,100.2431323,100.11479717
福建省,食品烟酒类居民消费价格指数(上月=100),0,98.83390103,97.57634497,102.95985545,101.99381413,99.55418274,101.34028195,102.10837841,102.071497,101.31522533,101.09074139,101.01210393,100.63041717,99.97913818,99.62450958,101.71978468,101.67354162,100.58212482,98.53397723,99.62697987,102.32016575,101.06422446,100.02352053,100.11158549
福建省,衣着类居民消费价格指数(上月=100),0,100.35927432,99.68150467,99.62534756,99.62796768,100.2628306,100.13668718,99.37260581,100.46412127,99.50666591,99.51827596,99.81737635,100.55695901,100.80319607,100.60471245,99.69029565,100.16805586,100.42867322,100.75560511,100.56161536,100.42194314,100.09571972,99.60826208,99.57270869
福建省,居住类居民消费价格指数(上月=100),0,99.78425805,99.59928913,99.86019347,100.25802517,100.15691185,100.05503004,100.04825351,100.04930663,100.0909948,100.04590286,99.8352254,100.07254508,100.09118242,100.16709678,100.09814564,99.7531771,99.97240683,99.92085694,100.07971742,100.16246151,100.01365854,100.14017602,100.10806524
福建省,生活用品及服务类居民消费价格指数(上月=100),0,99.68280846,100.05072635,99.50508857,100.73311654,100.13893249,99.93979317,100.04509012,100.13214902,99.78475298,100.1896318,100.12387682,100.13084896,99.9224815,99.75261124,100.02473335,100.56949588,100.08642364,100.30612302,99.70288686,100.03745279,99.91954199,100.092721,99.84296783
福建省,交通和通信类居民消费价格指数(上月=100),0,98.52417267,97.84700903,98.67504474,101.39340292,100.08374192,99.80723309,100.16382086,99.97612515,100.13348459,99.82279025,99.5878932,100.15046485,100.07210559,99.69302244,101.07097062,99.88435414,96.93812278,99.02313813,100.66012416,100.12392487,99.84818816,100.42135857,100.43390828
福建省,教育文化和娱乐类居民消费价格指数(上月=100),0,99.99639365,99.9897021,100.01161244,101.06981373,100.03302494,98.99569118,100.09091929,99.80232014,100.0555409,100.92386366,100.07813571,100.00664889,100.39177057,98.36033624,101.43643775,100.77725317,100.05442622,98.96577194,100.50382762,100.06655609,99.65951368,101.36847385,100.36179459
福建省,医疗保健类居民消费价格指数(上月=100),0,100.17673028,99.98642795,100.1494549,99.8976822,100.05767238,100.11322241,100.05383573,99.99272778,100.05845938,100.00302119,100.01208979,100.14130002,99.99029202,100.41421578,100.14346332,100.07037635,100.11580261,100.04487366,100.05695878,100.0366212,100.22661288,100.18574146,100.07810475
福建省,其他用品和服务类居民消费价格指数(上月=100),0,100.02366543,100.82531705,99.37727425,102.05996294,99.8330524,99.38124447,100.00147818,100.5779249,101.49353618,100.81146604,100.7192046,99.98599618,100.03842283,98.78879891,100.78189628,101.63413209,100.0785015,100.21533097,100.11573531,100.02551865,99.89792673,100.07292964,99.90634651
江西省,居民消费价格指数(上月=100),0,99.39849601,98.46466828,101.10734348,101.16904244,100.00935565,99.75942297,100.72532436,100.94611955,101.25969014,100.24481118,99.73232088,100.1169685,100.30394603,99.89295931,100.80002442,100.31871506,99.78457203,99.43741601,100.31698069,100.94449762,100.59721611,100.12241409,99.94891521
江西省,食品烟酒类居民消费价格指数(上月=100),0,98.64022288,96.57892267,104.00999808,102.90682602,99.37926078,99.99677454,102.28794141,102.419632,104.10683532,100.62307043,99.59281583,100.35180781,100.81463489,99.83597933,102.26903667,100.94040042,99.91663693,98.49610155,100.39703311,101.97741822,101.71938867,99.88054799,99.6013913
江西省,衣着类居民消费价格指数(上月=100),0,100.99376192,99.48288605,98.83488197,99.75032366,100.88873698,99.09069884,100.12837721,99.94414542,99.46207608,99.72266964,99.97593467,100.16662046,100.39025629,100.15274571,99.51918314,99.38865362,100.12255694,101.01814855,100.517064,100.32276521,99.40499229,99.85603782,99.87485277
江西省,居住类居民消费价格指数(上月=100),0,99.6879894,99.53078577,99.87065901,100.19481518,100.41159507,99.89430766,99.78582654,100.01186836,100.12465085,99.95296095,99.73330935,99.81244131,100.02671935,100.04837579,99.96720596,99.9716848,99.9914068,99.92390492,100.28888019,100.86463511,100.67746086,100.32939375,100.00226883
江西省,生活用品及服务类居民消费价格指数(上月=100),0,100.08436771,99.94762241,99.97177474,99.99815728,100.21832102,99.33548106,100.0206309,100.02327646,99.89548215,100.05208371,99.71263062,99.98652491,100.04824346,100.0422782,99.79043262,100.13085443,100.13936813,100.15562678,100.0681302,100.17856576,99.98138103,100.07453806,99.86341174
江西省,交通和通信类居民消费价格指数(上月=100),0,98.68771306,97.82129589,98.81891252,100.88639848,100.25537205,99.58346315,99.88465962,99.66022648,99.65349982,99.74886283,99.26381298,100.25551722,99.75113338,100.10483613,100.63266818,99.81107471,98.09699867,98.79060423,100.52081639,100.37817085,99.7858701,100.2212302,100.42784497
江西省,教育文化和娱乐类居民消费价格指数(上月=100),0,99.83115073,100.01372359,100.02618316,100.57601616,100.08871133,99.52957175,100.17223866,101.43190251,99.98502602,100.67482114,99.96312696,100.0300007,100.36396067,98.99831396,100.84159613,100.50326776,99.91461528,99.84050177,100.06794028,100.76072609,100.12365206,100.52262786,100.36086759
江西省,医疗保健类居民消费价格指数(上月=100),0,100.08468879,100.02170471,100.01196848,99.81764711,100.08160444,99.98805025,100.10000583,99.98296993,100.07947479,100.02899365,100.04388485,100.02913604,100.03443438,100.38694481,100.0815907,100.03765597,100.10174472,99.80088004,100.17209597,100.02855039,100.02910004,100.08622339,99.97513237
江西省,其他用品和服务类居民消费价格指数(上月=100),0,99.85010324,100.34975598,99.93862788,101.35111929,100.3725847,99.59799703,99.76793742,101.36004328,101.02612765,100.8791393,100.61080756,99.92286014,99.84163061,99.75081705,99.39734615,101.3375919,100.70349861,100.20321873,100.23666042,99.78030402,99.97381162,100.06191919,99.83017321
山东省,居民消费价格指数(上月=100),0,98.84697905,98.98490499,100.4365544,101.33415193,100.10914234,100.68873556,101.16228759,101.03415189,100.64059448,100.53055658,100.09621239,99.69363412,99.97823309,99.88671204,100.92172543,100.63678577,100.23888812,99.42526774,99.92046186,100.53456761,101.11270545,100.35894183,100.08894073
山东省,食品烟酒类居民消费价格指数(上月=100),0,97.13692021,97.85742179,101.96422653,103.57477189,100.18549566,102.49636047,103.55034043,102.98029802,101.7642127,101.10388216,100.28831836,99.18319317,99.63180547,99.54739248,102.39674622,101.73220261,101.75111056,98.81371884,98.82196622,101.03635998,102.98981693,100.52701292,99.62037148
山东省,衣着类居民消费价格指数(上月=100),0,100.20343065,99.83356014,99.79001192,99.39402895,99.95108274,100.62360877,100.37074435,100.8838401,99.61919102,99.69308358,100.68180837,99.70106595,100.46400592,100.63106214,99.60729937,99.69369747,100.10578722,100.23109466,100.22314379,100.51619379,99.68115044,99.49882932,100.53515796
山东省,居住类居民消费价格指数(上月=100),0,99.66724459,99.68375419,99.96849187,99.79832249,99.99848092,99.90600453,99.97865812,100.12211957,100.08732783,100.21238187,100.11473384,100.00143659,100.06897876,100.41303257,100.21648909,99.76829364,99.91728369,99.99045619,100.3568737,100.63076421,100.89250871,100.27561981,100.22034006
山东省,生活用品及服务类居民消费价格指数(上月=100),0,99.89673397,100.0470797,100.00311035,100.07756343,100.07682079,99.87718307,100.06750775,100.08855935,100.2474969,100.08737942,99.86446011,99.96778532,99.97043569,100.02594501,100.05435712,100.18683664,100.01693339,99.96174647,100.05613039,100.26664254,100.04159275,100.22863359,100.34985922
山东省,交通和通信类居民消费价格指数(上月=100),0,98.62141516,97.93415926,98.35133248,100.96070221,99.95807355,99.92450111,99.96983442,99.67837288,100.26592608,99.94933417,99.19408914,99.83132849,99.84063304,100.28054588,100.6552408,99.75623423,97.9256964,98.46835466,101.15258809,99.97488175,100.08885102,99.97093055,100.24703038
山东省,教育文化和娱乐类居民消费价格指数(上月=100),0,99.89565198,99.94418305,100.01154638,100.99166308,100.0969348,99.33906108,100.28015083,100.43099581,100.05223926,101.32974465,99.97823581,99.98950537,100.19611677,98.52463674,101.01281062,101.46085752,99.9067404,99.41384498,99.88770973,100.41548626,100.34239679,101.22708698,100.20781922
山东省,医疗保健类居民消费价格指数(上月=100),0,100.20416485,100.06820346,99.94412599,100.0318207,100.54401267,100.04850673,100.12911874,100.12185991,100.32004568,99.85480925,100.20831916,99.87311688,100.05965469,100.41226608,99.90121514,100.16138299,100.14804069,100.0521269,100.31307168,100.28360609,100.3845041,100.24012799,100.28454899
山东省,其他用品和服务类居民消费价格指数(上月=100),0,99.75487339,100.09076456,100.27296209,101.68012298,99.98440051,98.78235626,100.14264272,100.42348588,101.63285007,101.31981714,100.73388285,99.79396832,100.9914173,99.66368537,100.20093166,101.36184016,100.04819658,100.39679867,100.36777094,99.00466746,100.19585861,100.51640642,100.21475852
河南省,居民消费价格指数(上月=100),0,98.88207473,98.90436489,100.85810596,101.60117547,99.84190487,100.52096339,101.03141257,101.24393805,100.74315729,100.28039284,99.69384367,99.78736118,100.17748197,99.95674192,100.75443789,100.47348704,100.24790915,99.79064014,100.08777986,100.95318029,100.79968794,99.91051974,99.88495846
河南省,食品烟酒类居民消费价格指数(上月=100),0,97.11572632,97.43630586,102.78873802,103.78662876,99.38556792,101.77517721,103.08443393,103.82937443,102.50640853,101.02120426,99.2703938,99.47336403,100.3531685,100.00601395,101.84569185,101.32175275,100.69922226,99.01487384,99.43719019,101.63126983,102.65424424,100.22287291,99.43175575
河南省,衣着类居民消费价格指数(上月=100),0,99.3946537,99.58116854,99.74948533,99.8206033,100.09218629,100.10905885,100.03618241,100.25319004,99.86404585,99.85634295,99.98411422,99.90202046,99.84437248,100.27836844,99.76389587,100.02405717,100.12076659,100.40535452,100.19604413,100.35453235,99.89150712,99.93495236,100.05872314
河南省,居住类居民消费价格指数(上月=100),0,99.7426973,99.76941727,100.02253118,100.00645035,100.03099782,100.01903711,99.96759365,100.0200724,100.084931,99.95509073,100.01030629,100.04421996,100.04773037,100.1534012,99.94999356,100.13724032,100.07212095,100.12626177,100.29659805,100.3880413,99.98872929,99.77187363,100.01988422
河南省,生活用品及服务类居民消费价格指数(上月=100),0,99.91180788,100.3498185,99.93913466,99.84579766,100.20434689,99.73278093,100.19382304,99.74110866,100.05917086,100.25191374,99.77967944,100.09165351,100.14531384,99.76707725,100.269994,100.11031769,100.23017983,99.88279794,100.32653443,99.76914832,99.79436931,100.03178725,100.05625096
河南省,交通和通信类居民消费价格指数(上月=100),0,99.00612695,98.02096823,99.05538968,100.70951708,100.16637546,100.10150184,99.8725328,99.8016136,99.06330852,99.30587841,99.23208266,99.55414263,100.10144293,99.9322162,100.89648161,99.32409782,99.37323664,99.4837727,100.91398409,102.00924476,99.92813559,98.5386721,100.0490486
河南省,教育文化和娱乐类居民消费价格指数(上月=100),0,100.31178292,99.91260808,100.0428375,100.81472801,100.00377665,99.63480644,100.15114941,100.15161031,100.01670676,100.03956298,99.79241539,99.89741627,100.28465887,99.2845867,100.7891433,100.59094311,100.108505,100.50275219,100.43047328,101.09902027,100.25352464,100.42942378,100.20710187
河南省,医疗保健类居民消费价格指数(上月=100),0,100.05982156,100.11648016,100.37024431,101.9693491,100.06854917,99.95422457,100.1055108,100.10533393,100.07919453,100.08532053,100.11392852,100.14909166,100.01925208,100.09608011,100.29091117,100.11793991,100.41678468,100.2362005,100.04158157,100.2423048,100.20147616,100.02716899,100.13316534
河南省,其他用品和服务类居民消费价格指数(上月=100),0,100.35674348,100.83958712,100.02137226,101.80223051,99.78649877,99.46615873,100.87171176,101.39131276,101.98285288,101.24413979,100.90623322,99.52874291,100.64914946,99.96814839,99.89062332,101.1810943,100.56371292,100.33756933,100.24391575,100.33795096,100.17009153,100.02661017,99.92603031
湖北省,居民消费价格指数(上月=100),0,98.21370092,99.20318104,102.30473597,101.46317205,99.89215092,100.14407199,100.95235109,101.3312516,100.68993434,100.08675818,99.83656088,100.18598066,100.09458128,99.30087534,101.44521488,100.63486979,99.94315638,99.53986404,100.28822529,101.00801425,100.45158477,100.24144013,99.87828807
湖北省,食品烟酒类居民消费价格指数(上月=100),0,95.49870988,98.21378033,107.33703169,103.3948172,99.24375995,100.88219425,102.81825841,103.48692446,102.01610831,99.97075352,99.78084487,100.31835416,100.06485092,98.42968034,103.75979404,101.31983619,100.16706551,98.7790539,100.35990891,101.89482132,101.49121137,100.30372166,99.28178831
湖北省,衣着类居民消费价格指数(上月=100),0,99.28130773,99.76437818,99.99705135,99.89431914,100.37187636,100.24606501,100.29048037,100.64009117,99.5717307,99.5904079,99.87530495,100.16638975,99.93345718,100.17468053,99.91450322,100.09261906,100.76003588,100.04103904,100.57644253,100.93892404,99.65298492,99.82610593,99.84552778
湖北省,居住类居民消费价格指数(上月=100),0,99.8533929,99.98226909,100.02764822,100.06531652,100.13863978,100.02732699,99.99153236,100.12053715,100.35792344,100.38132312,100.02191021,100.02089072,100.13850956,99.87090937,100.28328743,100.03983086,100.1044427,100.14574422,100.1712454,100.38499496,100.17700651,100.31942065,100.31266969
湖北省,生活用品及服务类居民消费价格指数(上月=100),0,99.95736917,100.03490265,99.9899699,100.13908758,100.14404908,99.66611647,100.07701503,100.31402023,99.97421937,100.19201101,99.78209153,100.01299948,99.7614359,100.02114842,99.75007513,100.55010033,100.09594553,99.89612145,100.15822725,99.98405204,99.99778162,100.18714588,99.93923606
湖北省,交通和通信类居民消费价格指数(上月=100),0,98.63030653,98.40224852,98.99604372,101.43260944,99.74793854,99.01479263,100.1256976,100.21030962,99.71982567,99.9213565,99.15008445,100.41129965,99.97533582,99.0038561,101.70695735,100.23791833,98.28648931,99.08855471,100.78027892,100.3001519,100.04951779,100.30336027,100.30481001
湖北省,教育文化和娱乐类居民消费价格指数(上月=100),0,99.97002522,99.98903869,100.00202955,100.5136013,100.17027303,99.71281688,100.1344109,100.89455589,100.1681082,100.25050662,99.97270167,100.08876453,100.26761102,99.29728843,100.64205473,100.52831905,99.95724715,99.76206661,99.88847711,102.26791558,99.93536086,100.26537208,100.00061321
湖北省,医疗保健类居民消费价格指数(上月=100),0,100.13907093,100.02703789,100.04754581,100.657674,100.91067807,100.10340678,100.11720736,100.05010036,100.08065986,100.03215102,100.0659845,100.08540636,100.25261898,100.06755399,100.18147854,100.75142093,100.04841383,100.00691977,100.0324351,100.05317155,100.09499031,100.1874481,100.08567996
湖北省,其他用品和服务类居民消费价格指数(上月=100),0,98.66777712,99.86729223,99.99073956,103.1709469,100.00519882,99.46438631,100.00382355,101.01405768,101.31762868,100.44069402,100.42326245,100.25465769,100.5307802,99.29911742,100.04779364,101.2451034,99.85202438,100.24463716,100.32922085,99.73371422,99.89523201,100.16033911,99.95339233
湖南省,居民消费价格指数(上月=100),0,99.36805311,98.84834598,100.87649666,100.84715712,99.57101167,100.24583714,100.77515108,100.81415089,101.57227509,100.26794814,99.59324038,100.23502015,100.3030199,99.71491931,100.80017148,100.24945734,99.73281757,99.68608204,100.45224396,100.76239034,100.67628199,100.35570116,99.86621763
湖南省,食品烟酒类居民消费价格指数(上月=100),0,98.20699384,97.71833725,103.04551075,102.20902203,98.45028196,100.93188342,102.60483777,102.69195426,105.33129724,100.52133359,99.21071434,100.25339351,100.80300118,99.36361213,101.61431289,100.56103286,100.1190973,99.5325761,100.84790426,101.50449243,101.41913661,100.23811388,99.21113341
湖南省,衣着类居民消费价格指数(上月=100),0,99.98497413,100.02725323,99.97056862,100.01035904,100.12654925,100.09648135,99.9972011,100.03352961,99.49812517,100.07617842,100.08316749,100.10694054,100.15708332,100.12937027,100.06203922,100.10864067,100.19537176,100.02595081,100.11582085,100.11980712,100.0013325,100.06176842,100.13575934
湖南省,居住类居民消费价格指数(上月=100),0,100.4139802,99.20367758,99.9701948,99.7620468,100.29682738,99.89568946,99.79472212,99.74288372,99.85629893,99.91602558,99.61563824,100.41816918,99.91428011,100.02028388,100.27542126,100.07410602,99.53348894,99.81907746,100.45628561,100.82123245,100.95398602,100.50818642,100.2314046
湖南省,生活用品及服务类居民消费价格指数(上月=100),0,99.96869387,99.95495349,99.87332433,100.14289128,100.00709804,100.02059033,100.0780958,99.92505761,100.0305265,100.01745572,99.99939443,99.97893523,99.88750146,99.92862587,100.06570413,100.25781139,100.01398298,100.01865377,100.06315794,99.99827589,100.14194181,100.17754175,100.02691537
湖南省,交通和通信类居民消费价格指数(上月=100),0,98.98208741,97.96624044,98.76213091,100.46980685,100.19745409,99.97708837,100.05823503,99.79287025,99.43631754,100.10177322,99.21274575,100.38452427,100.03942248,99.76099648,101.17610569,99.55950157,97.83812771,99.0782754,100.83743996,100.36997308,99.98396818,100.34424994,100.18713571
湖南省,教育文化和娱乐类居民消费价格指数(上月=100),0,99.92529192,99.94115399,99.98665873,100.343169,99.97289803,99.66753942,99.64080328,100.02121367,100.12296704,100.67191737,99.91924849,100.06262819,100.35312214,99.44175261,100.67952453,100.50941911,100.0565444,99.67276684,99.78709428,100.62264158,100.2564935,100.93359962,100.03544829
湖南省,医疗保健类居民消费价格指数(上月=100),0,100.33557,100.26269973,100.04046769,100.20427722,99.98089344,100.0177976,99.99809771,100.0094624,99.96471059,100.11198372,100.02339143,100.07772514,100.20244536,100.04410858,100.17446815,100.04273346,100.3765958,100.07190914,100.02439348,100.08115088,100.0670002,100.07341352,100.26254025
湖南省,其他用品和服务类居民消费价格指数(上月=100),0,99.66409338,100.23819772,99.89165364,101.64497696,100.25482979,99.46522338,99.6576722,100.76550034,101.11125795,100.64727429,100.57083929,100.06437968,100.18863183,99.76959606,100.11107745,100.92928398,100.04974801,100.33226309,100.21091095,99.77514314,99.97971291,100.02982287,99.88874155
广东省,居民消费价格指数(上月=100),0,99.32210725,98.19788894,100.67429193,102.19406216,99.68574546,100.16080741,100.98754596,101.0626224,100.7189582,100.63658295,100.27921387,100.17417661,100.04035422,99.20943834,101.24854871,100.67505359,99.99740397,99.5065179,100.05696101,100.88345364,100.49140079,100.57626894,100.10213543
广东省,食品烟酒类居民消费价格指数(上月=100),0,98.63489232,96.69923868,103.00874294,104.37186854,98.91875843,101.00082071,102.5780091,102.97165477,102.31352639,101.26690876,101.26079598,100.68815122,100.10607966,98.63267579,102.96841338,100.58069393,100.53690882,99.04731654,99.80569527,102.09291333,101.036364,100.23268221,99.97912404
广东省,衣着类居民消费价格指数(上月=100),0,99.82916383,100.54072433,99.25168272,99.62725529,99.76274512,100.42678126,99.97132052,100.54662334,99.05001789,99.68477969,100.02565111,101.07568339,99.44396338,101.19110835,99.11777428,100.04581396,100.81518459,100.53944433,100.65823898,100.52231115,99.21539068,99.67772735,99.73157565
广东省,居住类居民消费价格指数(上月=100),0,99.58104003,99.31407343,99.73042971,100.13375112,100.44930279,99.8459027,100.09513035,100.11077914,100.02665081,99.87291932,99.75941631,99.68526845,99.89232832,100.08582341,100.05254849,99.88753137,100.12698345,99.86361869,100.14494784,100.32998116,100.83425578,100.63412712,100.27556241
广东省,生活用品及服务类居民消费价格指数(上月=100),0,100.02981085,99.70909527,99.61910292,100.73425755,100.15697554,99.64284848,99.95755262,99.98654703,99.91349849,99.92877137,100.17302652,99.81014562,99.99623774,99.01192688,100.37311842,101.00438391,100.00727554,99.98129676,99.94305582,100.12455444,100.31018394,100.18668008,99.99890888
广东省,交通和通信类居民消费价格指数(上月=100),0,99.24855781,96.07455453,97.67185354,102.93435819,100.165146,99.71498865,100.12817564,99.66247724,99.52537875,100.44000951,99.06059725,99.7971133,100.32334976,99.34352203,100.33170219,100.81779503,97.87856031,98.95183564,100.50880977,100.66329174,99.97242031,100.51986826,100.24408069
广东省,教育文化和娱乐类居民消费价格指数(上月=100),0,99.91931402,99.68516636,99.96435209,101.55847667,99.70304068,99.28149654,100.60731714,99.95194265,100.04191066,101.76699802,99.89150926,99.89362858,100.0319402,97.67991112,101.85607888,101.37857663,99.98281542,99.39018473,99.67337141,100.08692346,99.78894607,102.57942881,100.30610737
广东省,医疗保健类居民消费价格指数(上月=100),0,100.06747375,100.14347914,100.16680803,100.40717351,99.95562116,99.61761941,100.00916793,100.10111912,100.01189047,100.0049239,100.20019219,100.05966048,100.13447926,100.26005193,100.71487161,101.98460742,100.16774668,100.1113539,100.10615811,100.19280538,100.05240188,100.13436376,100.0922962
广东省,其他用品和服务类居民消费价格指数(上月=100),0,99.96083553,99.91479169,98.98923447,102.55259892,99.80995184,99.18433286,99.8591612,101.07946517,101.52630372,100.55750387,100.48264594,99.9967722,100.39067723,98.59350996,100.23705382,102.13614334,99.80981452,100.14733013,100.66532954,99.86552698,100.70249082,100.06891876,99.7509399
广西壮族自治区,居民消费价格指数(上月=100),0,99.74421878,98.60286061,101.04270342,100.91748928,99.78221142,100.34714289,100.67928001,100.29174728,101.81720119,101.15591359,99.89808265,100.25864157,100.16563975,99.69693471,100.72420409,100.33272993,100.01735672,99.61410329,100.4870252,100.94231039,100.62966118,100.21526266,99.8972717
广西壮族自治区,食品烟酒类居民消费价格指数(上月=100),0,99.27259114,96.34423786,103.39353245,102.23683516,99.11064733,101.50992117,101.89510529,100.82515751,105.79651812,103.93258996,100.41551001,100.47920089,100.49447462,99.5074925,101.29298961,101.11649641,100.47011898,98.83053217,100.45679646,101.85135543,101.53240976,100.22071157,99.2648945
广西壮族自治区,衣着类居民消费价格指数(上月=100),0,100.11464699,101.13663863,100.29920889,99.2358795,99.488972,99.89259306,99.9574664,100.41912242,98.20421397,99.14000778,99.48817768,101.08068286,100.24709734,100.04527089,99.59234468,99.30483839,100.87273928,101.51529911,101.43307628,101.21811227,99.20204456,99.14635854,99.87023621
广西壮族自治区,居住类居民消费价格指数(上月=100),0,99.58527715,99.20267035,99.95754231,100.06195101,100.49140369,99.95975832,100.06979616,99.92764204,99.87594181,99.80294115,99.70109607,99.95966767,100.01735955,100.06104996,100.09820176,100.0078769,100.03238623,99.96536553,100.52645393,100.64040464,100.63320342,100.28023185,100.3662864
广西壮族自治区,生活用品及服务类居民消费价格指数(上月=100),0,100.06465907,99.93504832,99.98387657,100.00656501,99.9442832,99.88566832,100.01149036,100.00284723,100.0278666,99.97316141,100.10630742,100.11704845,99.93054663,99.71067062,100.015309,100.27716767,100.21263078,100.40168119,100.19369191,100.0671285,100.19596791,99.90559712,100.02092056
广西壮族自治区,交通和通信类居民消费价格指数(上月=100),0,98.58364071,97.56816992,98.98089896,101.13522765,100.25701857,99.6199059,100.10561204,99.5658186,100.00181747,99.80413891,98.88224596,100.20570501,99.88479175,99.47663672,101.56678639,99.5252156,98.02185848,98.89794213,100.96305798,100.0035796,100.18712707,100.39707254,100.17554542
广西壮族自治区,教育文化和娱乐类居民消费价格指数(上月=100),0,99.89622289,100.04019734,100.00395679,100.20290522,100.01713728,99.33812741,100.26892864,100.21189308,100.65720046,100.5424531,99.78958,99.91112526,99.91532097,99.43842037,101.2097421,100.09018272,99.96109359,99.59852894,99.94536734,101.21104987,100.29166926,100.87964033,100.0414553
广西壮族自治区,医疗保健类居民消费价格指数(上月=100),0,102.71191683,102.41852854,100.02046861,100.1354221,100.02346413,100.00734782,100.02772794,100.03237923,100.34971878,100.09697645,100.05154301,100.11897702,100.08147409,100.11956664,100.08710831,100.23510781,100.13259583,100.07222225,100.06659598,100.22543826,100.37301444,100.15777335,100.28472147
广西壮族自治区,其他用品和服务类居民消费价格指数(上月=100),0,99.41196947,99.87828036,99.34300127,101.94691323,99.90375535,99.38602464,99.9114998,100.7571338,101.28576567,100.12578645,100.31948638,100.2185746,100.42868839,98.83938033,100.58930604,101.81477271,100.15310826,99.97382861,100.34814424,99.74453551,100.11948996,99.98220555,100.00530649
海南省,居民消费价格指数(上月=100),0,99.26833588,98.14321041,100.66793682,100.65392638,100.11976124,102.1995893,100.3294858,100.36717594,101.31425402,100.58251143,100.00245461,100.86994933,99.87700297,98.73086175,101.07609278,100.86247343,100.39977841,99.58265048,100.28351356,100.18123789,100.9055598,100.06548295,100.20759872
海南省,食品烟酒类居民消费价格指数(上月=100),0,99.05570079,97.4517586,102.08963488,100.85158129,99.603925,105.61262047,100.46541277,100.83281922,103.72141694,101.26907252,100.54450655,103.4407702,99.70990443,98.22328522,101.78920115,101.54145632,101.01855359,99.26988377,99.69638742,100.01169893,101.58078937,99.45246926,100.64533041
海南省,衣着类居民消费价格指数(上月=100),0,101.13476176,101.6788,99.86483767,99.60782115,99.52542235,100.16923822,100.59099589,101.02922509,100.59188369,99.59998892,100.19002379,99.79864281,100.56324769,99.45529651,98.45720526,99.58228442,100.67516145,101.31416748,101.37049319,100.82881029,100.29678186,99.94749751,99.71677714
海南省,居住类居民消费价格指数(上月=100),0,99.131078,98.0474066,99.71298116,100.1317305,100.579122,100.34910037,100.31858564,100.30507737,99.90196402,99.95481048,99.75154051,99.45755402,99.77009774,99.45024804,99.81601737,100.28906313,100.82322363,99.79719974,100.51699429,100.92891227,100.26516294,100.16480481,100.15346102
海南省,生活用品及服务类居民消费价格指数(上月=100),0,99.71529556,100.09564512,100.12078036,99.55762143,100.44720838,99.89470807,99.9503583,100.0005111,100.35429732,99.96832597,100.20298578,99.88410761,100.27597263,99.41667796,99.24788329,100.78995911,100.57491648,100.12728085,100.63076967,99.9655994,100.21104926,100.02357063,99.89498781
海南省,交通和通信类居民消费价格指数(上月=100),0,98.19573433,94.69680601,99.8398186,101.83503562,100.78952394,99.22744044,100.06755386,98.90544628,99.3275476,100.58854676,98.60115762,99.52460743,99.99219837,98.13085596,103.05879904,100.76172346,98.50535916,98.78423819,100.65237586,99.9625906,100.49822018,100.91960482,99.91922314
海南省,教育文化和娱乐类居民消费价格指数(上月=100),0,99.86753897,99.93988695,99.92193924,100.86754556,100.53698449,101.39489028,100.4183765,100.18929646,100.09916802,100.65338231,99.98075546,99.01733396,100.04048016,98.15709122,101.8231591,100.75855866,100.02722835,99.17480917,100.24524986,99.5718143,101.9022133,100.88791416,99.73412294
海南省,医疗保健类居民消费价格指数(上月=100),0,99.90985527,99.91823197,99.84129873,100.14830729,99.99221853,100.371203,100.13572284,99.9666327,100.01330507,100.0029405,100.00004468,100.10894358,100.06358825,100.25676239,100.03687813,100.44046172,99.87322419,100.35106115,100.11885907,100.1427341,100.06951407,100.0869501,100.06466138
海南省,其他用品和服务类居民消费价格指数(上月=100),0,98.79161921,100.01342174,99.26315811,101.75407002,100.18657189,99.46161568,100.16546396,102.19648667,101.3681125,100.97456934,100.30034823,99.84060875,98.92679791,97.63979566,102.19493012,101.59441047,99.88052477,100.54358995,102.11510928,99.52109269,99.99144951,99.90361141,100.52325305
重庆市,居民消费价格指数(上月=100),0,98.83946036,97.84805178,101.57458741,101.08486762,100.17448149,100.11457685,100.89357576,101.0578428,100.69272397,100.77554633,99.53276643,100.12086598,100.26698134,99.38013156,100.70854779,100.25646961,99.8730392,99.71356686,100.11712348,101.24499487,100.31809714,100.66454634,100.41240603
重庆市,食品烟酒类居民消费价格指数(上月=100),0,97.51700939,95.35643704,105.69233043,101.20850215,100.6222074,100.95638982,102.48581589,103.78354128,102.19885926,101.04658334,98.93645596,100.57603243,100.28546668,99.55224216,100.96648332,100.54104934,100.0363482,99.33948037,101.15495458,102.31530008,101.37928297,100.29920949,100.09875933
重庆市,衣着类居民消费价格指数(上月=100),0,99.03798621,98.59512312,99.60609439,99.11848033,99.78928329,99.40149967,100.41036598,101.3774146,99.92074223,99.52075818,99.68378462,99.88696355,100.04762285,100.1121765,99.96748243,99.39343364,99.88926056,100.66738346,99.99411947,100.63176885,100.06078805,99.91847993,99.8945419
重庆市,居住类居民消费价格指数(上月=100),0,99.19215818,99.10713138,100,100.60373049,100.00390852,100.01052856,100.01029843,100.29734909,100.01578999,100.00591733,99.96970217,100.05639529,99.79689293,99.94340321,99.98179747,100.40225079,99.96773322,100.00842561,100.25466816,101.23119621,100.30777529,100.0710979,101.03479142
重庆市,生活用品及服务类居民消费价格指数(上月=100),0,99.66044714,99.75621158,99.81673555,100.00471383,100.22191355,99.62911594,100.27723443,99.44979813,99.82887637,101.08765225,99.97692159,100.13289037,100.01486319,99.21776676,100.16838174,99.98961618,100.30470125,99.85123692,100.04395037,100.42860703,100.23457033,100.25053608,99.70058308
重庆市,交通和通信类居民消费价格指数(上月=100),0,99.67863253,97.11739405,97.88530373,101.80315376,99.8822589,99.84570668,99.84178569,99.14580683,99.7299388,101.47305574,99.3407959,99.95881125,100.64233562,98.98696207,101.90052039,99.33072063,98.46972653,99.07709254,99.99746595,99.84299921,99.0502047,100.98415665,101.28873065
重庆市,教育文化和娱乐类居民消费价格指数(上月=100),0,99.63143698,99.9624903,99.94813566,103.12907956,99.58287869,99.61582119,100.36701532,98.55096673,100.21321032,102.31481974,99.46238854,99.39256515,100.85343987,97.41545267,101.6764372,101.24154264,100.18028064,99.49521395,97.64087094,101.69278125,99.40270458,103.81454067,100.35111024
重庆市,医疗保健类居民消费价格指数(上月=100),0,99.91810505,100.04325315,99.99579364,101.15196992,100.49254071,99.86539474,100.12967691,99.89311226,100.17782727,99.93104717,100.10564332,99.97293969,100.47572286,100.10679839,99.97842544,99.80987432,100.0122194,100.06257968,99.99665255,100.12851318,100.11192317,99.99456404,100.10106001
重庆市,其他用品和服务类居民消费价格指数(上月=100),0,100.18915434,100.65446052,99.91025049,100.94790288,100.00321911,98.43543481,100.60661889,100.58447979,101.14518482,100.27330857,100.55470355,100.43910686,100.54941405,99.19529521,100.60380005,100.23817149,100.07128717,100.48361852,99.90553384,100.80603471,99.9525565,100.07785225,100.15226603
四川省,居民消费价格指数(上月=100),0,98.90294822,98.20461232,101.2688937,101.12291049,100.00986957,100.14796773,101.22410462,101.60054006,101.63654665,100.58936331,99.63545834,100.01538616,100.12687576,99.35571542,100.52893054,100.3920715,100.1390078,99.83703021,100.33552291,100.59662797,100.69000166,100.44934863,99.98970742
四川省,食品烟酒类居民消费价格指数(上月=100),0,97.97851131,95.91427082,103.96272028,102.19969663,100.07862712,100.70487042,103.25753292,105.47862689,105.05144998,100.84802176,99.14110559,100.25760477,100.35513752,99.19727504,100.39491437,100.77867533,101.08404189,99.76973192,100.81616464,101.6977685,101.37066327,100.64965051,99.83095252
四川省,衣着类居民消费价格指数(上月=100),0,100.15433586,99.21633808,99.64771968,99.71181051,99.83561194,100.39191074,100.29535743,100.51219109,100.1040859,99.8915281,99.99927626,100.07010011,100.17484586,100.04687307,99.2824303,99.6592424,100.23930911,101.07925333,100.34144117,100.97785317,100.29667104,99.51625519,99.62155223
四川省,居住类居民消费价格指数(上月=100),0,99.47620613,99.93162467,100.00726992,99.52837648,99.8006309,100.19661473,99.91045016,100.04470496,100.13372321,100.18637222,99.83640761,99.89289772,100.01595503,99.92678677,100.09185038,99.85120677,100.02862057,100.49505444,100.00935895,100.40377164,101.1469168,100.04516929,99.85770541
四川省,生活用品及服务类居民消费价格指数(上月=100),0,99.82480783,99.91304073,99.9302616,100.10103636,100.0345269,99.89630926,100.22843175,99.88033504,99.85936128,100.15553505,99.90972035,100.03778913,100.08745653,99.69893447,100.19036686,100.20742363,100.00253554,99.92352984,100.06992566,100.0852972,99.73569731,100.01489172,99.89095082
四川省,交通和通信类居民消费价格指数(上月=100),0,98.60421056,97.48220322,99.12236979,101.21393331,100.06048379,99.6926276,100.29668008,99.40375379,99.56532242,100.08529978,99.21829674,100.10403704,99.81476521,99.87083953,101.45348935,99.29554878,97.83773412,98.70031612,100.66156976,99.25651784,99.69208408,100.3488403,100.50594922
四川省,教育文化和娱乐类居民消费价格指数(上月=100),0,98.69437873,99.92995683,99.99497845,102.82559865,100.21995332,99.0967407,100.37682559,98.52530859,100.28344794,102.1421948,100.13143156,99.36093477,100.01837448,97.27592327,101.76891938,101.59974324,100.20429118,98.83121315,99.58776188,99.47928921,100.47037117,101.99432684,100.31390859
四川省,医疗保健类居民消费价格指数(上月=100),0,100.01104004,100.07243096,100.27354185,99.94047864,99.99467145,99.98686424,100.23850956,99.98684693,100.10298981,100.13519129,100.06027105,100.07731248,100.21872617,100.05275798,100.35569686,100.6177537,99.95474103,100.17532608,100.12248693,100.60951967,100.29678661,100.10894934,100.12255336
四川省,其他用品和服务类居民消费价格指数(上月=100),0,99.81599586,100.18197388,99.64144479,101.10447485,100.02064029,99.3411467,100.48054921,100.68232429,101.12176728,100.58043545,100.34014941,100.09808843,99.7866879,99.03447519,101.1375327,101.13771252,100.20574005,100.03743942,100.36805268,100.42880738,100.01275899,99.97520758,100.03282383
贵州省,居民消费价格指数(上月=100),0,99.26849958,98.58909492,101.03521307,101.46587811,100.06609821,100.5500792,101.17349131,100.99846133,100.44913455,100.34932991,99.71627344,100.11278555,99.99228809,99.24359696,100.86387494,100.63190877,99.91077201,99.69563017,100.60104415,100.25329307,100.50768019,100.37577421,99.91271025
贵州省,食品烟酒类居民消费价格指数(上月=100),0,98.74452148,97.36595664,103.19828401,102.67762988,100.4738983,102.09935556,103.31703026,103.84798405,101.12854806,99.7991582,99.99832349,100.5637429,100.19601408,98.51778534,101.06862866,101.30369204,100.55361461,100.09549231,101.17580828,101.25562652,101.09313553,99.35801636,99.67553121
贵州省,衣着类居民消费价格指数(上月=100),0,99.65329021,99.35845106,99.80039527,99.85831753,100.12813497,99.80974672,100.18710459,100.41722233,100.02887137,99.98262324,99.67332202,99.32849636,99.76627605,99.81641107,99.84186468,99.86414378,100.62532861,99.89120375,100.48603825,100.32759577,99.9850721,100.23561922,99.95332684
贵州省,居住类居民消费价格指数(上月=100),0,99.84509696,99.46826868,99.99018644,99.84637568,99.69287014,100.05728913,100.06963554,99.96548127,99.92132021,99.92676162,99.78003398,99.90926455,99.65361489,99.87488651,100.11246051,100.07346734,100.21710508,100.10917999,100.28931342,100.56149543,100.16436888,100.4257896,100.1887901
贵州省,生活用品及服务类居民消费价格指数(上月=100),0,99.83064934,99.87000429,99.84409533,99.89841014,99.86274045,100.01638636,100.12285208,100.10962747,100.23697615,99.94520915,99.82811228,100.04525621,100.05936855,99.89725081,99.79731056,100.17388922,100.07546253,99.86350361,99.92526488,99.98088125,100.03336975,99.97029755,100.22063936
贵州省,交通和通信类居民消费价格指数(上月=100),0,98.39951619,96.74100256,99.74068061,100.82691181,100.00782774,99.73360648,99.78734143,99.03289655,100.02100505,100.37224918,98.97249123,100.45139934,99.71479585,99.89008069,102.15152657,99.46453418,97.67582011,98.63479843,100.79937961,99.95765531,99.99085364,100.70685656,100.30192827
贵州省,教育文化和娱乐类居民消费价格指数(上月=100),0,99.57956198,100.05823009,100.01155015,104.1082202,99.66734328,99.08612467,100.54366366,98.67176358,100.50071233,103.05901392,99.25287361,99.54500462,100.19431396,97.865441,102.08719646,101.86082453,99.11593855,98.49515228,100.19732244,97.8972295,100.91460682,102.6780571,99.41004194
贵州省,医疗保健类居民消费价格指数(上月=100),0,100.01884093,99.95564028,99.8821985,100.1112576,100.08576478,99.96523401,100.18237789,100.02368144,100.13101872,100.11991703,100.1186155,100.04345948,100.18779587,100.49675085,100.52774824,100.33460059,100.22573624,100.09189128,100.35977781,100.12170736,100.24954304,100.73683287,100.00023041
贵州省,其他用品和服务类居民消费价格指数(上月=100),0,99.52593446,100.85556333,99.85540803,101.04451753,99.84627105,99.70241645,99.89943526,100.57974433,100.73835523,100.68596955,99.95228328,100.24654563,100.52634098,99.90159462,99.82967761,100.94626598,99.92710072,99.99774145,99.9598974,99.50944234,100.40660765,100.19320639,99.9798278
云南省,居民消费价格指数(上月=100),0,99.40874501,98.84024269,100.73455341,100.99334074,100.45482775,101.21675883,101.40608871,100.83379631,100.04098584,100.22295476,100.09243442,100.15073563,100.17452655,99.85250268,100.5466854,99.97453073,99.65808846,99.98231693,100.57896682,100.7149097,100.31498667,100.23729419,100.06642323
云南省,食品烟酒类居民消费价格指数(上月=100),0,98.88846749,97.61031127,102.57103581,102.34257985,100.88096077,103.25618643,104.37381677,102.61852884,100.08867476,100.29461613,100.4750843,100.76324232,100.64875379,99.53515336,101.15102184,100.31296439,99.77297632,100.16673252,101.3042547,101.39740868,100.69786728,99.73791567,99.48499802
云南省,衣着类居民消费价格指数(上月=100),0,99.58309754,99.49017595,99.95854473,100.02343139,100.34367965,101.9222922,100.21679634,100.31923066,99.52958949,99.47609398,99.59923856,99.85196839,99.78849896,99.50491609,99.72874872,99.81637565,99.94136001,100.41822788,100.51505966,100.32501936,100.07219139,99.87273508,100.04285506
云南省,居住类居民消费价格指数(上月=100),0,100.04208998,99.80733803,99.93082359,99.88557602,100.01352022,100.02294432,100.13066042,100.09362385,100.34619818,100.03930161,100.09619887,100.01000218,100.0352176,100.19025049,100.09098932,100.0243064,100.09329054,100.07755308,100.16046147,100.14619328,100.09183102,100.37443703,100.48679564
云南省,生活用品及服务类居民消费价格指数(上月=100),0,99.94660107,100.01814002,99.96536935,100.00444166,99.83945853,100.12592193,100.04992683,99.96107544,99.95393032,99.98945995,100.12877565,100.01612951,99.99476928,100.02663494,100.01153699,100.186829,100.19442991,100.03425476,100.07814079,100.12414584,99.84902671,99.79441464,100.07854989
云南省,交通和通信类居民消费价格指数(上月=100),0,98.70816405,97.8424767,98.89584346,100.91638192,100.52317625,99.89047238,99.99829536,99.71349905,99.82320174,99.96393514,99.27383642,99.48753831,99.89479838,100.20727026,100.85629177,99.02883064,98.10227454,99.39244559,100.97952384,100.06859848,100.27377837,100.2797574,100.42099842
云南省,教育文化和娱乐类居民消费价格指数(上月=100),0,99.77996178,99.93942698,99.98321204,101.04373534,100.76481466,100.00239723,99.65266562,99.64764964,99.95165298,101.17628976,100.53407485,99.77225297,99.84338931,99.70687773,100.7044305,99.71714531,99.46070589,99.58448045,99.59114097,101.7453875,100.3373173,101.87495857,100.21794989
云南省,医疗保健类居民消费价格指数(上月=100),0,99.95968688,100.05109733,100.22933698,99.95548144,99.94509063,100.07785069,100.0675468,100.1652015,100.03775583,100.25332979,99.93847968,100.12575039,100.19357529,99.99177589,100.0438533,100.25085167,100.08472737,100.06819165,100.2358031,100.36864753,100.2122679,100.31508164,100.43623681
云南省,其他用品和服务类居民消费价格指数(上月=100),0,99.94079868,100.282083,100.04551386,100.23779919,100.00331978,100.03924912,100.08974652,101.42823246,100.3490494,100.77361443,99.66044444,100.22462668,100.00953392,100.0350608,100.10482811,100.62905375,100.39041187,100.14791012,100.0085731,99.98276199,99.98922583,99.89080547,100.00288921
西藏自治区,居民消费价格指数(上月=100),0,99.58050306,99.5479566,100.51678182,100.4797315,100.1451029,100.57379406,100.64518158,100.44791707,100.2606269,100.07978346,100.05502194,100.03968238,99.96721177,99.82571695,100.4581707,100.55520288,100.18973947,100.25596023,100.28482217,100.1265854,100.13180647,100.04667436,100.01368728
西藏自治区,食品烟酒类居民消费价格指数(上月=100),0,99.10167022,99.12942979,101.78671151,101.13898294,100.28635826,101.54679348,101.5315062,101.22373598,100.31290217,100.03238198,99.82075813,99.51808742,99.76179448,99.37439702,100.74615743,101.08877721,100.79191107,100.40972309,100.33443549,100.1933455,100.19865953,99.94723756,99.83719248
西藏自治区,衣着类居民消费价格指数(上月=100),0,99.8660082,100.0328486,100.03326868,100.11938597,100.27536381,100.28063435,100.13710603,99.94037816,100.19701773,100.00444161,99.98413487,99.95158431,99.88340191,100.00016891,101.88925678,100.53736537,100.37867635,101.25235097,100.13482459,99.9679188,100.11012134,100.0632077,100.17081835
西藏自治区,居住类居民消费价格指数(上月=100),0,100.00195741,99.96508966,99.94061969,99.98102193,99.97774614,99.92284044,100.24713103,99.9561228,99.67854105,100.07730376,100.15664356,100.28783219,100.2038904,100.08296232,99.78767501,100.14694304,100.1631714,100.88026713,100.24763473,100.01772549,100.1432184,100.11450312,100.26508643
西藏自治区,生活用品及服务类居民消费价格指数(上月=100),0,99.99193779,100.03914717,99.9890141,99.87397949,100.00153705,100.25397961,100.23232074,100.03864184,101.02441759,100.34569209,100.37364193,100.63122945,100.48787249,99.95055617,100.3200587,100.7563121,100.07849066,100.21882974,100.41434045,100.01627339,100.1665906,100.05193189,100.09441908
西藏自治区,交通和通信类居民消费价格指数(上月=100),0,99.31773959,98.73935552,98.68581054,100.45448693,100.35926295,99.92788682,100.13151259,99.80093423,100.15060818,99.97352401,99.38016504,100.57434638,99.83452551,100.48265219,99.48048191,100.09007462,98.61467496,98.83289222,100.40080445,100.49902121,100.13083887,100.28625282,99.79720909
西藏自治区,教育文化和娱乐类居民消费价格指数(上月=100),0,100.00074187,100.00228879,99.99508607,99.95377332,99.71471285,99.75211172,99.86079998,100.00364758,99.97256794,100.01423017,100.00688571,100.74530721,99.99083554,100.01633649,99.99188962,100.02312369,99.99522525,99.46300067,100.04401828,100.01712502,100.0084173,100.00496468,100.05530146
西藏自治区,医疗保健类居民消费价格指数(上月=100),0,100.15617195,100.19542293,100,100.02930748,100.02066233,100.02558697,100.21215596,100.28592615,100.92808458,99.87719863,101.8539931,99.92817477,100.16867006,99.85159293,100.84070407,99.99925208,99.93445969,100.25740936,100.4048881,100.06515701,100.00122152,100.00207633,100.06662494
西藏自治区,其他用品和服务类居民消费价格指数(上月=100),0,100.02628641,100.20936587,99.88180935,100.14993655,99.85907455,99.75531593,99.81560178,100.5914384,101.10393897,101.43135714,100.91226647,100.09236146,100.29623795,100.00570863,100.2455865,100.33476803,99.82995619,99.57531931,100.0874823,99.67686477,99.87430207,100.09501052,100.73422561
陕西省,居民消费价格指数(上月=100),0,99.00297638,98.48524231,101.20278969,101.38239768,99.96396618,100.23005389,101.10134964,101.05161709,100.18227132,100.37487898,99.8874863,99.96234999,100.05077291,99.84705252,100.81359837,100.59368659,100.07682185,99.58257446,100.24559219,100.90640361,100.48731049,100.268883,99.82141144
陕西省,食品烟酒类居民消费价格指数(上月=100),0,97.58899945,96.12435212,104.06870978,103.71342741,100.00415683,101.02862807,103.13026817,102.37855833,100.46940785,100.84935974,99.97845834,99.8555476,99.72377014,99.33938166,102.25311516,101.32255158,100.72631188,98.72299039,99.60639404,102.18332681,101.37812147,100.3783812,99.47746063
陕西省,衣着类居民消费价格指数(上月=100),0,99.63170564,100.11905318,99.6023649,99.2363428,99.93997613,100.15683559,100.94596625,101.23328221,99.46251899,99.49355234,99.39190865,99.56014252,100.97507712,101.43708721,99.3399247,99.93863043,99.93225941,99.72568736,102.37780825,101.14888409,99.2642796,99.3573295,98.66257571
陕西省,居住类居民消费价格指数(上月=100),0,99.72456442,99.6121477,100.00604174,99.96206353,100.041937,99.85734725,100.12697238,100.28557543,100.23504563,100.11168172,100.01491791,100.07869192,99.90219214,100.1842146,100.3530335,100.04628285,100.15760728,100.45955585,100.24980255,100.27955042,100.48799248,100.10584928,100.11713491
陕西省,生活用品及服务类居民消费价格指数(上月=100),0,99.91019239,100.0181211,100.11263853,99.7782486,100.1928295,100.28337549,99.8525513,99.95231034,99.98638396,100.14235399,100.1247985,100.01968769,100.38766757,99.66088361,99.80966502,100.26215379,100.20435747,99.97957019,100.26587924,100.05379428,100.07796544,100.2087491,100.66041782
陕西省,交通和通信类居民消费价格指数(上月=100),0,99.13904602,98.08108598,98.92100933,100.74330057,99.93691102,99.92352469,100.1024208,99.88258982,99.83216769,99.8456782,99.38865016,100.43781089,100.07502312,99.82319096,100.61990263,99.90317962,98.62730738,99.0934763,100.49226398,100.21243874,99.97136032,100.19900101,99.87357073
陕西省,教育文化和娱乐类居民消费价格指数(上月=100),0,100.11498346,100.0136429,100.04736543,100.75371862,99.6028061,99.69680833,100.02470298,101.36181787,100.01229866,100.85999537,99.99262553,99.88928074,100.17075263,99.44984427,100.36665474,101.08797879,99.73208548,99.83171094,100.1829136,100.51344636,100.23506522,101.0990276,100.25843083
陕西省,医疗保健类居民消费价格指数(上月=100),0,99.66632541,100.07926981,100.14455182,100.47392984,100.20942804,100.03747705,100.05912112,100.04146457,100.12482993,100.17346057,100.01376938,99.95558534,99.92107056,100.03479558,100.11833685,100.00971286,100.14459938,100.10853872,100.18309528,100.32256888,100.17062731,100.14056545,100.27949356
陕西省,其他用品和服务类居民消费价格指数(上月=100),0,99.20359338,100.58553809,100.11845925,102.93796998,99.34204332,98.24188214,100.9282838,100.76822635,101.37818586,100.94482449,99.92772192,99.87957037,100.94679121,99.79764588,100.49829179,102.08034129,99.61045928,100.00356799,100.30679519,99.73539922,99.93018054,100.39185855,99.25534366
甘肃省,居民消费价格指数(上月=100),0,99.39659148,99.29520768,100.70371433,100.76572037,100.16345189,100.763664,100.79108802,100.48075181,99.95201243,99.88974346,99.8195458,100.22397476,99.80657364,100.14397365,100.69762037,100.37097203,100.29568146,99.94934582,100.29688416,100.58484872,100.30549596,99.94078464,100.05389591
甘肃省,食品烟酒类居民消费价格指数(上月=100),0,98.57028303,98.44771164,102.46084069,101.91526458,100.35425348,102.5448152,102.46482356,101.20309132,99.66324529,99.782163,99.62498435,100.53566076,99.38403259,99.82766621,101.65485079,101.04717551,101.06498511,100.24829558,100.59026678,101.45981643,100.59095756,99.44666289,99.8365973
甘肃省,衣着类居民消费价格指数(上月=100),0,99.49247321,99.77241336,99.95126184,100.06903287,100.09346377,100.25999458,100.48487732,99.99074442,99.72078158,99.52354741,99.56439295,99.70358557,99.33224407,100.71575591,100.15305273,100.27825999,100.28111427,100.17633762,100.65421217,100.59596154,100.00974096,99.85874742,99.9130626
甘肃省,居住类居民消费价格指数(上月=100),0,99.93553638,99.88692871,99.89436791,99.92802759,99.9771762,99.87089234,99.98646716,100.00970024,100.2258743,100.08422187,100.08184697,100.2826375,100.16167087,100.36672715,100.18343639,100.17418666,100.44474496,99.70944923,99.93440964,100.08821854,100.40477135,100.1130749,100.19006021
甘肃省,生活用品及服务类居民消费价格指数(上月=100),0,100.0762813,99.96353439,100.00382857,99.93982835,100.22986014,99.95349563,99.91896349,100.02404365,100.05735354,99.9597458,99.95685414,100.07376661,100.0411523,100.10107221,100.16133021,100.02548395,100.0644395,100.00971979,100.09054014,99.98327589,100.20496919,100.0709814,100.01602636
甘肃省,交通和通信类居民消费价格指数(上月=100),0,98.94003598,98.54957849,99.18228425,100.53404751,100.0883704,99.65649694,100.01619652,99.70217901,99.88977217,100.10320414,99.49947311,100.18526736,99.94524289,99.85336141,100.97421904,99.56319141,98.79064811,99.20198806,100.44375422,100.2961441,99.87588305,100.21261161,100.30831022
甘肃省,教育文化和娱乐类居民消费价格指数(上月=100),0,100.32674511,99.95517091,100.01446727,100.52732964,100.10664318,99.98757091,100.11390892,100.90401936,100.07172405,99.727481,99.94611161,99.9679648,99.9420124,100.175218,100.04618301,100.11479038,99.9811872,99.88403448,100.0421907,100.33534332,100.10015174,100.2076384,99.96641842
甘肃省,医疗保健类居民消费价格指数(上月=100),0,100.26606383,100.06910606,100.01958162,100.06775641,100.04873128,100.15337257,99.80141713,100.11218586,100.04249284,100.0647161,100.02754721,99.96954364,100.1562489,100.54947399,100.14406959,100.0272655,100.0775656,100.05468537,100.1392542,100.2430649,100.32818705,100.40556121,100.23521513
甘肃省,其他用品和服务类居民消费价格指数(上月=100),0,99.24954094,100.4559729,100.25895747,101.27862769,100.20593174,99.3974534,99.59148128,101.17999688,101.29515004,99.93307615,100.85678952,100.38937061,100.92646658,100.03329736,99.78412025,100.78638769,99.58250465,100.47686422,99.76472718,99.22866211,100.25547263,100.31748689,100.65552955
青海省,居民消费价格指数(上月=100),0,99.4683194,99.08154635,100.66190792,100.99237726,100.25835734,100.82719446,101.09315832,100.05426125,100.27738373,100.39828655,99.90528577,100.1707127,99.91457643,99.88060694,100.23508875,100.29562115,100.07859326,100.23337177,100.45898395,100.96641042,100.21927747,99.95783525,99.69415165
青海省,食品烟酒类居民消费价格指数(上月=100),0,98.4552638,98.09495078,102.25606877,101.9025448,100.33424891,103.14461581,103.34870102,100.48867912,100.40111792,100.13575441,99.42241673,99.65998679,99.77328618,99.24127688,100.92793711,100.96822031,101.33923162,101.44876366,100.8409812,101.37825289,100.66251132,99.21971675,98.97160933
青海省,衣着类居民消费价格指数(上月=100),0,100.67668557,99.2802012,99.42755876,99.54307173,101.15222942,97.89471791,101.57891869,100.17787884,98.85461735,99.97865852,99.71955588,101.79159527,99.86051748,100.19576333,99.94184319,98.09405482,100.63248363,99.56238677,102.3222271,100.59856263,99.17517468,99.82330851,99.29735724
青海省,居住类居民消费价格指数(上月=100),0,99.91031163,99.81715593,100.02270892,99.85261754,99.85915201,101.08247116,100.11935546,99.8200029,100.36236264,100.20184749,100.05223301,100.00903878,99.96349038,101.02668878,99.56465312,100.00660294,99.11820284,99.99825811,100.11243009,100.15199712,100.06794181,99.99614621,99.99476022
青海省,生活用品及服务类居民消费价格指数(上月=100),0,100.1640256,100.10501094,100.19871223,99.21641863,100.28171183,100.06933565,100.11493156,100.44448569,99.56942688,100.52859317,99.67060842,100.22300793,100.14130838,100.36732143,99.59620614,100.14980303,100.06709143,100.08234713,99.86571392,99.9795192,99.85379037,100.20219258,100.17190423
青海省,交通和通信类居民消费价格指数(上月=100),0,98.66968899,97.9686215,99.28245469,100.97614105,100.53788926,99.28179069,100.23439039,99.34859421,100.42103556,100.26902839,99.98147016,100.56997803,99.64236649,99.83297883,100.760684,100.73232363,97.6673092,98.77197258,100.50095492,98.92874922,100.29399259,100.54722826,100.70563634
青海省,教育文化和娱乐类居民消费价格指数(上月=100),0,100.04557819,99.48889835,99.99842366,100.29635482,100.06022348,99.838031,98.97797143,100.17242937,100.14349708,101.23252767,100.56233276,100.09861203,100.09290063,98.76697871,100.03453244,100.42147778,100.12251317,99.6234532,99.11548244,105.4193752,100.19352359,100.34702608,99.75564554
青海省,医疗保健类居民消费价格指数(上月=100),0,100.45752792,100.0703359,100.42924133,102.63040673,99.99622811,100.02717568,99.98682857,100.06388143,100.54458813,99.92783106,100.0745556,100.22769255,100.14566833,100.39692157,99.85563047,100.26158283,99.90115605,100.14398778,100.23195789,100.64792424,100.3176923,100.08556542,100.07961383
青海省,其他用品和服务类居民消费价格指数(上月=100),0,99.5438406,101.07966253,100.0225032,102.11581029,99.8002474,98.84788034,99.87597572,98.36944542,102.78718657,103.43353492,101.25058994,99.79556789,100.13338481,100.4309202,99.72503974,100.71913798,100.06356094,99.99402414,99.99838784,97.48896404,100.34870973,102.26773837,100.11672407
宁夏回族自治区,居民消费价格指数(上月=100),0,98.95703373,99.07091208,100.66310495,100.88864065,100.31454224,101.05414008,100.95190514,100.55408773,99.78112455,99.87988095,99.82751465,99.92039676,99.56123747,99.58260043,100.63910357,100.70191281,100.34950894,100.03296896,100.49109775,100.60581181,100.33868348,100.04247089,99.73648385
宁夏回族自治区,食品烟酒类居民消费价格指数(上月=100),0,97.70566187,98.26965228,101.92956145,102.34461171,101.39688257,102.60863874,103.04429967,101.29967805,99.2008587,99.40702128,99.09106457,99.84446515,98.86266392,99.83134971,101.9353428,101.66187764,101.10376746,99.81592372,101.00392013,101.9586514,100.80448013,99.38958294,98.90672467
宁夏回族自治区,衣着类居民消费价格指数(上月=100),0,99.71675933,99.21684135,100.04879966,98.66086972,100.09037112,101.29189783,100.91987291,102.06258988,99.35853758,98.69320506,100.35232585,99.97881355,99.0240789,99.02235443,99.04306634,99.18394027,100.60899192,101.63598019,100.9193467,101.37731438,99.74158378,99.24111271,99.69594367
宁夏回族自治区,居住类居民消费价格指数(上月=100),0,99.72793125,100.24135142,99.98897578,99.98991901,99.53924226,101.46634437,99.77623602,99.7989262,100.05425498,100.47968652,100.03192674,99.56396177,99.87077294,99.68080651,100.07233959,99.99754132,100.00475037,100.26390799,100.17513111,100.21957039,100.55278823,100.44506648,100.24038307
宁夏回族自治区,生活用品及服务类居民消费价格指数(上月=100),0,99.93871952,99.92924022,99.89408399,99.85898368,100.3487164,99.63752033,100.68537589,99.51503025,100.01410245,99.94293919,100.15558242,99.984013,100.19978637,99.45742814,99.72620711,100.16901405,100.00026953,99.94337334,100.14124969,99.99531564,100.01255783,100.08144805,100.14275127
宁夏回族自治区,交通和通信类居民消费价格指数(上月=100),0,98.61750303,97.09886757,100.13521267,100.7297501,99.65178857,99.7097776,100.13534158,99.50491414,100.19469631,99.69862649,99.73281497,100.30019177,99.62459246,99.32413671,101.18102734,99.49609614,98.28074835,99.50615021,100.2090908,99.75128448,100.09229079,100.13609088,100.02480748
宁夏回族自治区,教育文化和娱乐类居民消费价格指数(上月=100),0,99.68851799,99.95917339,99.97386114,101.48858103,99.75421551,99.65740317,99.71756488,100.34262009,99.967094,100.86860917,100.4930274,99.70968449,100.15010106,98.67515098,100.3390493,101.58502541,99.74883222,99.46705527,99.42031636,99.08822702,99.86980048,101.68793764,100.44216112
宁夏回族自治区,医疗保健类居民消费价格指数(上月=100),0,99.82878272,100.01385972,100.01984235,100.0858318,100.02246528,100.12621735,100.03919309,100.01163099,100.00672133,99.92164018,100.01134328,100.3596244,100.17254955,100.13206556,99.9997033,101.20353268,101.74127429,100.0978921,100.4434705,100.08776586,100.16699092,99.99687809,100.0200996
宁夏回族自治区,其他用品和服务类居民消费价格指数(上月=100),0,99.55110216,99.9942817,100.59743942,100.64239533,99.34208814,98.60131341,98.18883174,101.14300123,101.59586597,101.65439563,101.03179938,100.11431033,100.80631667,100.69746896,99.17101088,100.63653173,99.98896054,99.84593679,101.50386189,99.26447153,100.4759798,100.43093941,99.80401112
新疆维吾尔自治区,居民消费价格指数(上月=100),0,99.18550795,99.05727821,100.37665041,101.11812221,100.32547631,100.61568023,100.52769634,100.29113478,100.45047476,100.25875395,99.46893501,100.02859289,99.86276697,99.78494985,100.88855191,100.41070572,100.16288593,100.27230011,100.27405531,100.47355447,100.36267279,99.76518562,99.59289169
新疆维吾尔自治区,食品烟酒类居民消费价格指数(上月=100),0,98.39102547,97.94984025,101.36479693,102.41125834,100.9392,102.3736506,101.87683976,100.74709281,100.58891191,99.75447227,98.41307905,100.14127869,99.41018601,99.61275566,102.24684063,100.94281062,101.25477562,101.48268214,100.62218672,101.33790196,100.34863756,98.99178053,98.43136247
新疆维吾尔自治区,衣着类居民消费价格指数(上月=100),0,99.54069492,99.32489581,100.09163789,100.29266288,99.9617362,100.13684352,99.82812745,101.58118228,100.29554566,99.23059856,99.53390182,99.53725544,100.05128248,99.39938218,100.43270496,100.16270524,99.92352942,100.0183614,100.49413622,100.95541433,100.25467649,99.46924794,99.25593718
新疆维吾尔自治区,居住类居民消费价格指数(上月=100),0,100.30358869,100.79579885,100,100.28185829,99.93328675,99.96060281,100.16214287,100.32229838,100.35374654,100.95250072,99.87276234,100.27584538,100.20594218,100.20017576,100.06036362,100.14692755,99.77654471,100.23890837,100.13088617,99.97504774,100.21292243,100.122368,99.90777073
新疆维吾尔自治区,生活用品及服务类居民消费价格指数(上月=100),0,99.77971646,99.6067698,100.06038543,100.04602881,100.17339014,99.94135761,100.08330586,99.80994735,99.95549291,100.02798184,99.92019247,99.93634895,100.05023023,99.97498205,100.10792779,100.58148606,100.12569255,100.06228332,100.11733779,100.07814877,100.33850207,99.97657527,99.88775919
新疆维吾尔自治区,交通和通信类居民消费价格指数(上月=100),0,97.85667649,97.33380132,99.27212339,101.54116018,100.21709784,99.44146484,99.56730577,99.00152981,100.40867589,100.78772238,99.90267728,99.89275374,99.78941558,99.64731461,100.80562905,99.76653964,98.51018612,98.63405073,100.11184005,99.45522349,100.88716541,100.41341675,101.17848827
新疆维吾尔自治区,教育文化和娱乐类居民消费价格指数(上月=100),0,99.61416362,99.99455168,99.99656868,100.44468837,100.08913784,99.48845372,99.90257963,99.9191099,100.45311235,100.7301021,100.31642959,99.84051086,100.24670431,99.73464074,100.05354359,100.35416248,100.12615779,99.46425988,100.04970798,99.94623741,100.25364045,100.22811633,99.9394847
新疆维吾尔自治区,医疗保健类居民消费价格指数(上月=100),0,100.15452793,100.03819084,99.9609177,99.97886448,99.99621312,99.99746754,100.00133605,100.12955763,99.99779532,100.14529942,100.11135658,100.01975973,100.03406227,100.02420976,100.11787494,100.19985539,100.04630841,100.15718212,100.04971206,100.16885332,100.06041658,100.04231121,100.13714655
新疆维吾尔自治区,其他用品和服务类居民消费价格指数(上月=100),0,99.95833181,100.39353291,100.15688511,100.54030481,99.57549585,98.96182143,99.18918392,99.69183621,102.89262128,101.63594099,100.59132944,100.24080789,100.2685821,99.92003765,99.95655008,100.43810737,99.48688235,99.40753319,99.36888741,101.45419246,100.92116317,100.76795435,100.40658381
